,0
0,"Clothing, Shoes & Jewelry/Costumes & Accessories/0000037214.pkl"
1,"Clothing, Shoes & Jewelry/Kids & Baby/0000037214.pkl"
2,"Clothing, Shoes & Jewelry/Girls/0000037214.pkl"
3,"Clothing, Shoes & Jewelry/Accessories/0000037214.pkl"
4,"Clothing, Shoes & Jewelry/3 layers of tulle/0000037214.pkl"
5,"Clothing, Shoes & Jewelry/6"" long, stretched waist measures 11 1/2"" across. Fits up to 7 years./0000037214.pkl"
6,"Clothing, Shoes & Jewelry/Sequins line the edge of the tulle on the top layer./0000037214.pkl"
7,"Clothing, Shoes & Jewelry/Great for babys up to about age 7/0000037214.pkl"
8,"Clothing, Shoes & Jewelry/Makes a Great gift for any princess/0000037214.pkl"
9,"Clothing, Shoes & Jewelry/Luggage & Travel Gear/0201377179.pkl"
10,"Clothing, Shoes & Jewelry/Backpacks/0201377179.pkl"
11,"Clothing, Shoes & Jewelry/Casual Daypacks/0201377179.pkl"
12,"Clothing, Shoes & Jewelry/Polyester Canvas Waterproof/0201377179.pkl"
13,"Clothing, Shoes & Jewelry/Imported/0201377179.pkl"
14,"Clothing, Shoes & Jewelry/Size: Large (H 40 x W 26 x D 20cm)/0201377179.pkl"
15,"Clothing, Shoes & Jewelry/Color: LIGHT GRAY & BLACK | Condition: 100% brand new/0201377179.pkl"
16,"Clothing, Shoes & Jewelry/- Made of lightweight, durable and waterproof fabric/0201377179.pkl"
17,"Clothing, Shoes & Jewelry/- Roomy main compartment and multiple pockets for functionally/0201377179.pkl"
18,"Clothing, Shoes & Jewelry/- a front zip pocket, 2 interior open pockets, bottle pocket on both sides, a zipper at the back. Adjustable double shoulder straps and double top handles/0201377179.pkl"
19,"Clothing, Shoes & Jewelry/Luggage & Travel Gear/0204444454.pkl"
20,"Clothing, Shoes & Jewelry/Backpacks/0204444454.pkl"
21,"Clothing, Shoes & Jewelry/Kids' Backpacks/0204444454.pkl"
22,"Clothing, Shoes & Jewelry/PU Leather/0204444454.pkl"
23,"Clothing, Shoes & Jewelry/Imported/0204444454.pkl"
24,"Clothing, Shoes & Jewelry/Size: Large PU Leather (H 39 x W 26 x D 16cm) Model: AT-B01211/0204444454.pkl"
25,"Clothing, Shoes & Jewelry/Color: PINK BEIGE | Condition: 100% brand new/0204444454.pkl"
26,"Clothing, Shoes & Jewelry/- Made of stylish, elegant and durable and PU leather fabric/0204444454.pkl"
27,"Clothing, Shoes & Jewelry/- Roomy main compartment and multiple pockets for functionally/0204444454.pkl"
28,"Clothing, Shoes & Jewelry/- a front zip pocket, 2 interior open pockets, bottle pocket on both sides, a zipper at the back. Adjustable double shoulder straps and double top handles/0204444454.pkl"
29,"Clothing, Shoes & Jewelry/Luggage & Travel Gear/0204444403.pkl"
30,"Clothing, Shoes & Jewelry/Backpacks/0204444403.pkl"
31,"Clothing, Shoes & Jewelry/Kids' Backpacks/0204444403.pkl"
32,"Clothing, Shoes & Jewelry/PU Leather/0204444403.pkl"
33,"Clothing, Shoes & Jewelry/Imported/0204444403.pkl"
34,"Clothing, Shoes & Jewelry/Size: Large PU Leather (H 39 x W 26 x D 16cm) Model: AT-B01211/0204444403.pkl"
35,"Clothing, Shoes & Jewelry/Color: BLACK | Condition: 100% brand new/0204444403.pkl"
36,"Clothing, Shoes & Jewelry/- Made of stylish, elegant and durable and PU leather fabric/0204444403.pkl"
37,"Clothing, Shoes & Jewelry/- Roomy main compartment and multiple pockets for functionally/0204444403.pkl"
38,"Clothing, Shoes & Jewelry/- a front zip pocket, 2 interior open pockets, bottle pocket on both sides, a zipper at the back. Adjustable double shoulder straps and double top handles/0204444403.pkl"
39,"Clothing, Shoes & Jewelry/Novelty & More/0206313535.pkl"
40,"Clothing, Shoes & Jewelry/Clothing/0206313535.pkl"
41,"Clothing, Shoes & Jewelry/Novelty/0206313535.pkl"
42,"Clothing, Shoes & Jewelry/Women/0206313535.pkl"
43,"Clothing, Shoes & Jewelry/Accessories/0206313535.pkl"
44,"Clothing, Shoes & Jewelry/Hats & Caps/0206313535.pkl"
45,"Clothing, Shoes & Jewelry/Baseball Caps/0206313535.pkl"
46,"Clothing, Shoes & Jewelry/Imported/0206313535.pkl"
47,"Clothing, Shoes & Jewelry/Plush,Cotton, Polyester/0206313535.pkl"
48,"Clothing, Shoes & Jewelry/Lovely for look,Unisex for the normal adult/0206313535.pkl"
49,"Clothing, Shoes & Jewelry/One size (approx 55-60 cm) adjustable/0206313535.pkl"
50,"Clothing, Shoes & Jewelry/Unavailable alkaline detergent, (such as soap, laundry). With a mild detergent./0206313535.pkl"
51,"Clothing, Shoes & Jewelry/Women/0206335962.pkl"
52,"Clothing, Shoes & Jewelry/Clothing/0206335962.pkl"
53,"Clothing, Shoes & Jewelry/Swimsuits & Cover Ups/0206335962.pkl"
54,"Clothing, Shoes & Jewelry/Cover-Ups/0206335962.pkl"
55,"Clothing, Shoes & Jewelry/Imported/0206335962.pkl"
56,"Clothing, Shoes & Jewelry/Bohemia style, butterfly printing/0206335962.pkl"
57,"Clothing, Shoes & Jewelry/Length 30 "", Bust 40~45 ""/0206335962.pkl"
58,"Clothing, Shoes & Jewelry/Ice silk cotton,Very soft and comfortable/0206335962.pkl"
59,"Clothing, Shoes & Jewelry/Unique style beach cover up for your bikinis and swimsuits make you more beautiful,fashion,sexy and elegant./0206335962.pkl"
60,"Clothing, Shoes & Jewelry/Women/0206323190.pkl"
61,"Clothing, Shoes & Jewelry/Shoes/0206323190.pkl"
62,"Clothing, Shoes & Jewelry/Sandals/0206323190.pkl"
63,"Clothing, Shoes & Jewelry/Flip-Flops/0206323190.pkl"
64,"Clothing, Shoes & Jewelry/synthetic-and-fabric/0206323190.pkl"
65,"Clothing, Shoes & Jewelry/Imported/0206323190.pkl"
66,"Clothing, Shoes & Jewelry/Heel Height: 11cm=4.33"",Platform: 5.5cm=2.17""/0206323190.pkl"
67,"Clothing, Shoes & Jewelry/Material:EVA and cloth/0206323190.pkl"
68,"Clothing, Shoes & Jewelry/Choose the usual size you wear, if you like loose, you could choos one size plus./0206323190.pkl"
69,"Clothing, Shoes & Jewelry/EVA rubber sole,comfortable,Handmade special occasion sandals/0206323190.pkl"
70,"Clothing, Shoes & Jewelry/Luggage & Travel Gear/0244444404.pkl"
71,"Clothing, Shoes & Jewelry/Backpacks/0244444404.pkl"
72,"Clothing, Shoes & Jewelry/Kids' Backpacks/0244444404.pkl"
73,"Clothing, Shoes & Jewelry/PU Leather/0244444404.pkl"
74,"Clothing, Shoes & Jewelry/Imported/0244444404.pkl"
75,"Clothing, Shoes & Jewelry/Size: Mini / Small PU Leather (H 32 x W 23 x D 14cm) Model: AT-B01212/0244444404.pkl"
76,"Clothing, Shoes & Jewelry/Color: NAVY | Condition: 100% brand new/0244444404.pkl"
77,"Clothing, Shoes & Jewelry/- Made of stylish, elegant and durable and PU leather fabric/0244444404.pkl"
78,"Clothing, Shoes & Jewelry/- Roomy main compartment and multiple pockets for functionally/0244444404.pkl"
79,"Clothing, Shoes & Jewelry/- a front zip pocket, 2 interior open pockets, bottle pocket on both sides, a zipper at the back. Adjustable double shoulder straps and double top handles/0244444404.pkl"
80,"Clothing, Shoes & Jewelry/Luggage & Travel Gear/024444448X.pkl"
81,"Clothing, Shoes & Jewelry/Backpacks/024444448X.pkl"
82,"Clothing, Shoes & Jewelry/Casual Daypacks/024444448X.pkl"
83,"Clothing, Shoes & Jewelry/Polyester Canvas Waterproof/024444448X.pkl"
84,"Clothing, Shoes & Jewelry/Imported/024444448X.pkl"
85,"Clothing, Shoes & Jewelry/Size: Large (H 29 x W 33 x D 14cm) Model: AT-H0852/024444448X.pkl"
86,"Clothing, Shoes & Jewelry/Color: CAMO | Condition: 100% brand new/024444448X.pkl"
87,"Clothing, Shoes & Jewelry/- Made of lightweight, durable and waterproof fabric/024444448X.pkl"
88,"Clothing, Shoes & Jewelry/- Roomy main compartment and multiple pockets for functionally/024444448X.pkl"
89,"Clothing, Shoes & Jewelry/- a front zip pocket, 2 interior open pockets. Adjustable double shoulder straps and double top handles/024444448X.pkl"
90,"Clothing, Shoes & Jewelry/Novelty & More/0681256036.pkl"
91,"Clothing, Shoes & Jewelry/Clothing/0681256036.pkl"
92,"Clothing, Shoes & Jewelry/Movie & TV Fan/0681256036.pkl"
93,"Clothing, Shoes & Jewelry/Accessories/0681256036.pkl"
94,"Clothing, Shoes & Jewelry/Novelty & More/0756029104.pkl"
95,"Clothing, Shoes & Jewelry/Clothing/0756029104.pkl"
96,"Clothing, Shoes & Jewelry/Novelty/0756029104.pkl"
97,"Clothing, Shoes & Jewelry/Men/0756029104.pkl"
98,"Clothing, Shoes & Jewelry/Accessories/0756029104.pkl"
99,"Clothing, Shoes & Jewelry/Buttons & Pins/0756029104.pkl"
100,"Clothing, Shoes & Jewelry/Men/0829750487.pkl"
101,"Clothing, Shoes & Jewelry/Shoes/0829750487.pkl"
102,"Clothing, Shoes & Jewelry/Women/0871167042.pkl"
103,"Clothing, Shoes & Jewelry/Jewelry/0871167042.pkl"
104,"Clothing, Shoes & Jewelry/Novelty & More/096603550X.pkl"
105,"Clothing, Shoes & Jewelry/Clothing/096603550X.pkl"
106,"Clothing, Shoes & Jewelry/Novelty/096603550X.pkl"
107,"Clothing, Shoes & Jewelry/Luggage & Travel Gear/0982948530.pkl"
108,"Clothing, Shoes & Jewelry/Travel Accessories/0982948530.pkl"
109,"Clothing, Shoes & Jewelry/Women/1519588135.pkl"
110,"Clothing, Shoes & Jewelry/Clothing/1519588135.pkl"
111,"Clothing, Shoes & Jewelry/Women/1578508592.pkl"
112,"Clothing, Shoes & Jewelry/Handbags & Wallets/1578508592.pkl"
113,"Clothing, Shoes & Jewelry/Wristlets/1578508592.pkl"
114,"Clothing, Shoes & Jewelry/Men/1579652956.pkl"
115,"Clothing, Shoes & Jewelry/Accessories/1579652956.pkl"
116,"Clothing, Shoes & Jewelry/Baby/1597421634.pkl"
117,"Clothing, Shoes & Jewelry/Baby Girls/1597421634.pkl"
118,"Clothing, Shoes & Jewelry/Clothing/1597421634.pkl"
119,"Clothing, Shoes & Jewelry/Footies & Rompers/1597421634.pkl"
120,"Clothing, Shoes & Jewelry/Footies/1597421634.pkl"
121,"Clothing, Shoes & Jewelry/Made in USA or Imported/1597421634.pkl"
122,"Clothing, Shoes & Jewelry/100% Cotton/1597421634.pkl"
123,"Clothing, Shoes & Jewelry/Use this adorable outfit to play in all the month of October or as a Halloween Costume!/1597421634.pkl"
124,"Clothing, Shoes & Jewelry/Front has an allover skeleton pattern that Glows-in-the Dark! Long sleeves; contrasting trim at crew neck and sleeve hems./1597421634.pkl"
125,"Clothing, Shoes & Jewelry/Zip closure from ankle to chin including worry-free safety tab at chin; footed./1597421634.pkl"
126,"Clothing, Shoes & Jewelry/Care Instructions: Machine Wash/1597421634.pkl"
127,"Clothing, Shoes & Jewelry/Baby/1608322637.pkl"
128,"Clothing, Shoes & Jewelry/Baby Boys/1608322637.pkl"
129,"Clothing, Shoes & Jewelry/Clothing/1608322637.pkl"
130,"Clothing, Shoes & Jewelry/Bodysuits/1608322637.pkl"
131,"Clothing, Shoes & Jewelry/Baby/160832222X.pkl"
132,"Clothing, Shoes & Jewelry/Baby Boys/160832222X.pkl"
133,"Clothing, Shoes & Jewelry/Clothing/160832222X.pkl"
134,"Clothing, Shoes & Jewelry/Baby/1608322254.pkl"
135,"Clothing, Shoes & Jewelry/Baby Boys/1608322254.pkl"
136,"Clothing, Shoes & Jewelry/Clothing/1608322254.pkl"
137,"Clothing, Shoes & Jewelry/Bodysuits/1608322254.pkl"
138,"Clothing, Shoes & Jewelry/Novelty & More/1614030146.pkl"
139,"Clothing, Shoes & Jewelry/Clothing/1614030146.pkl"
140,"Clothing, Shoes & Jewelry/Exotic Apparel/1614030146.pkl"
141,"Clothing, Shoes & Jewelry/Women/1614030146.pkl"
142,"Clothing, Shoes & Jewelry/Bras/1614030146.pkl"
143,"Clothing, Shoes & Jewelry/Shoe, Jewelry & Watch Accessories/1934711020.pkl"
144,"Clothing, Shoes & Jewelry/Jewelry Accessories/1934711020.pkl"
145,"Clothing, Shoes & Jewelry/Luggage & Travel Gear/1936023857.pkl"
146,"Clothing, Shoes & Jewelry/Travel Accessories/1936023857.pkl"
147,"Clothing, Shoes & Jewelry/Luggage Tags & Handle Wraps/1936023857.pkl"
148,"Clothing, Shoes & Jewelry/Boys/1940857953.pkl"
149,"Clothing, Shoes & Jewelry/Accessories/1940857953.pkl"
150,"Clothing, Shoes & Jewelry/Baby/194085797X.pkl"
151,"Clothing, Shoes & Jewelry/Baby Boys/194085797X.pkl"
152,"Clothing, Shoes & Jewelry/Accessories/194085797X.pkl"
153,"Clothing, Shoes & Jewelry/Gloves & Mittens/194085797X.pkl"
154,"Clothing, Shoes & Jewelry/Men/1941489109.pkl"
155,"Clothing, Shoes & Jewelry/Clothing/1941489109.pkl"
156,"Clothing, Shoes & Jewelry/Shirts/1941489109.pkl"
157,"Clothing, Shoes & Jewelry/Casual Button-Down Shirts/1941489109.pkl"
158,"Clothing, Shoes & Jewelry/Cotton blend/1941489109.pkl"
159,"Clothing, Shoes & Jewelry/First 5 Customer Get Free Gift/1941489109.pkl"
160,"Clothing, Shoes & Jewelry/Our sizes are China Size, pls Select Two Sizes Up/1941489109.pkl"
161,"Clothing, Shoes & Jewelry/Support USA Local Return/1941489109.pkl"
162,"Clothing, Shoes & Jewelry/Recommend A Friend, Both Enjoy 5% Discount/1941489109.pkl"
163,"Clothing, Shoes & Jewelry/Bulk Ordering Available/1941489109.pkl"
164,"Clothing, Shoes & Jewelry/Women/1942065000.pkl"
165,"Clothing, Shoes & Jewelry/Clothing/1942065000.pkl"
166,"Clothing, Shoes & Jewelry/Dresses/1942065000.pkl"
167,"Clothing, Shoes & Jewelry/100% Cotton/1942065000.pkl"
168,"Clothing, Shoes & Jewelry/#*#Please note that you need to check the size, our size is Asian size./1942065000.pkl"
169,"Clothing, Shoes & Jewelry/#*#Dear customer:Comfort is key at FLCH+YIGE and to ensure you experience the best there is.We have been making efforts and are willing to complete shopping with you./1942065000.pkl"
170,"Clothing, Shoes & Jewelry/US Small=China Medium:Length:51.57""(131cm),Bust:40.94""(104cm)/1942065000.pkl"
171,"Clothing, Shoes & Jewelry/US Medium=China Large:Length:51.97""(132cm),Bust:42.52""(108cm)/1942065000.pkl"
172,"Clothing, Shoes & Jewelry/US Large=China X-Large:Length:52.36""(133cm),Bust:44.09""(112cm)/1942065000.pkl"
173,"Clothing, Shoes & Jewelry/Women/194478490X.pkl"
174,"Clothing, Shoes & Jewelry/Clothing/194478490X.pkl"
175,"Clothing, Shoes & Jewelry/Lingerie, Sleep & Lounge/194478490X.pkl"
176,"Clothing, Shoes & Jewelry/Lingerie/194478490X.pkl"
177,"Clothing, Shoes & Jewelry/Accessories/194478490X.pkl"
178,"Clothing, Shoes & Jewelry/Pads & Enhancers/194478490X.pkl"
179,"Clothing, Shoes & Jewelry/Women/3979002381.pkl"
180,"Clothing, Shoes & Jewelry/Jewelry/3979002381.pkl"
181,"Clothing, Shoes & Jewelry/Bracelets/3979002381.pkl"
182,"Clothing, Shoes & Jewelry/Strand/3979002381.pkl"
183,"Clothing, Shoes & Jewelry/Women/3979002438.pkl"
184,"Clothing, Shoes & Jewelry/Jewelry/3979002438.pkl"
185,"Clothing, Shoes & Jewelry/Bracelets/3979002438.pkl"
186,"Clothing, Shoes & Jewelry/Strand/3979002438.pkl"
187,"Clothing, Shoes & Jewelry/Men/3979050432.pkl"
188,"Clothing, Shoes & Jewelry/Accessories/3979050432.pkl"
189,"Clothing, Shoes & Jewelry/Hats & Caps/3979050432.pkl"
190,"Clothing, Shoes & Jewelry/Balaclavas/3979050432.pkl"
191,"Clothing, Shoes & Jewelry/Women/3979002845.pkl"
192,"Clothing, Shoes & Jewelry/Shoes/3979002845.pkl"
193,"Clothing, Shoes & Jewelry/Sandals/3979002845.pkl"
194,"Clothing, Shoes & Jewelry/Flats/3979002845.pkl"
195,"Clothing, Shoes & Jewelry/Men/3999852739.pkl"
196,"Clothing, Shoes & Jewelry/Clothing/3999852739.pkl"
197,"Clothing, Shoes & Jewelry/Jeans/3999852739.pkl"
198,"Clothing, Shoes & Jewelry/Zipper closure/3999852739.pkl"
199,"Clothing, Shoes & Jewelry/Style: Tube/3999852739.pkl"
200,"Clothing, Shoes & Jewelry/Type: Leather pants/3999852739.pkl"
201,"Clothing, Shoes & Jewelry/Leather type: Smooth leather/3999852739.pkl"
202,"Clothing, Shoes & Jewelry/Knee seam: No/3999852739.pkl"
203,"Clothing, Shoes & Jewelry/Lining: Yes/3999852739.pkl"
204,"Clothing, Shoes & Jewelry/Men/3999861517.pkl"
205,"Clothing, Shoes & Jewelry/Clothing/3999861517.pkl"
206,"Clothing, Shoes & Jewelry/leather pants/3999861517.pkl"
207,"Clothing, Shoes & Jewelry/leather trouser/3999861517.pkl"
208,"Clothing, Shoes & Jewelry/leather/3999861517.pkl"
209,"Clothing, Shoes & Jewelry/Men/3999852070.pkl"
210,"Clothing, Shoes & Jewelry/Clothing/3999852070.pkl"
211,"Clothing, Shoes & Jewelry/Jeans/3999852070.pkl"
212,"Clothing, Shoes & Jewelry/Zipper closure/3999852070.pkl"
213,"Clothing, Shoes & Jewelry/Style: Tube/3999852070.pkl"
214,"Clothing, Shoes & Jewelry/Type: Leather pants/3999852070.pkl"
215,"Clothing, Shoes & Jewelry/Leather type: Smooth leather/3999852070.pkl"
216,"Clothing, Shoes & Jewelry/Knee seam: No/3999852070.pkl"
217,"Clothing, Shoes & Jewelry/Lining: Yes/3999852070.pkl"
218,"Clothing, Shoes & Jewelry/Men/3999862548.pkl"
219,"Clothing, Shoes & Jewelry/Clothing/3999862548.pkl"
220,"Clothing, Shoes & Jewelry/Button Fly closure/3999862548.pkl"
221,"Clothing, Shoes & Jewelry/Style: Tube/3999862548.pkl"
222,"Clothing, Shoes & Jewelry/Type: Leather pants/3999862548.pkl"
223,"Clothing, Shoes & Jewelry/Couleur: Black/3999862548.pkl"
224,"Clothing, Shoes & Jewelry/Knee seam: Yes/3999862548.pkl"
225,"Clothing, Shoes & Jewelry/Lining: Yes/3999862548.pkl"
226,"Clothing, Shoes & Jewelry/Men/399986236X.pkl"
227,"Clothing, Shoes & Jewelry/Clothing/399986236X.pkl"
228,"Clothing, Shoes & Jewelry/Button Fly closure/399986236X.pkl"
229,"Clothing, Shoes & Jewelry/Style: Tube/399986236X.pkl"
230,"Clothing, Shoes & Jewelry/Type: Leather pants/399986236X.pkl"
231,"Clothing, Shoes & Jewelry/Couleur: Black/399986236X.pkl"
232,"Clothing, Shoes & Jewelry/Knee seam: Yes/399986236X.pkl"
233,"Clothing, Shoes & Jewelry/Lining: Yes/399986236X.pkl"
234,"Clothing, Shoes & Jewelry/Men/3999862637.pkl"
235,"Clothing, Shoes & Jewelry/Clothing/3999862637.pkl"
236,"Clothing, Shoes & Jewelry/Pants/3999862637.pkl"
237,"Clothing, Shoes & Jewelry/Casual/3999862637.pkl"
238,"Clothing, Shoes & Jewelry/Type: Leather pants/3999862637.pkl"
239,"Clothing, Shoes & Jewelry/Couleur: Black/3999862637.pkl"
240,"Clothing, Shoes & Jewelry/Lining: Yes/3999862637.pkl"
241,"Clothing, Shoes & Jewelry/Men/3999862742.pkl"
242,"Clothing, Shoes & Jewelry/Clothing/3999862742.pkl"
243,"Clothing, Shoes & Jewelry/Women/4750169439.pkl"
244,"Clothing, Shoes & Jewelry/Jewelry/4750169439.pkl"
245,"Clothing, Shoes & Jewelry/Necklaces/4750169439.pkl"
246,"Clothing, Shoes & Jewelry/Pendants/4750169439.pkl"
247,"Clothing, Shoes & Jewelry/2 Necklace,one for you,one for your lover with a special meaning./4750169439.pkl"
248,"Clothing, Shoes & Jewelry/Material: 925 Silver,Nickel-free,Lead-free./4750169439.pkl"
249,"Clothing, Shoes & Jewelry/Chain Length:45cm./4750169439.pkl"
250,"Clothing, Shoes & Jewelry/It comes with a gift box and silk pouch.Great gift for lover, mom,daughter, girlfriend, wife, bride or just a friend.The stud earrings suitable for daily wear or any special occasions. Like valentine's day, Mother's day, Wedding, Anniversary ,Engagement, Gathering, Christmas, Graduations etc./4750169439.pkl"
251,"Clothing, Shoes & Jewelry/Buying without worry, customer's satisfaction is our unremitting pursuit, if not satisfied with our product or got some trouble about that. It's OK ,just contact us,we will try our best to solve the problems for you./4750169439.pkl"
252,"Clothing, Shoes & Jewelry/Men/4759817492.pkl"
253,"Clothing, Shoes & Jewelry/Watches/4759817492.pkl"
254,"Clothing, Shoes & Jewelry/Pocket Watches/4759817492.pkl"
255,"Clothing, Shoes & Jewelry/Men/4971850788.pkl"
256,"Clothing, Shoes & Jewelry/Watches/4971850788.pkl"
257,"Clothing, Shoes & Jewelry/Wrist Watches/4971850788.pkl"
258,"Clothing, Shoes & Jewelry/Women/5120053017.pkl"
259,"Clothing, Shoes & Jewelry/Imported/5120053017.pkl"
260,"Clothing, Shoes & Jewelry/OPEN CROTCH: Thigh-high lace top garter belt panty hose sheers are the perfect for stylish women/5120053017.pkl"
261,"Clothing, Shoes & Jewelry/GARTERBELT: The sheer tights legs are attached to a soft semi opaque belt with a floral net trim./5120053017.pkl"
262,"Clothing, Shoes & Jewelry/QUALITY: Durable, resistant and comfortable nylon. 20 den matt imitation semi-opaque stocking/5120053017.pkl"
263,"Clothing, Shoes & Jewelry/88% nylon/12% spandex, Made in Italy/5120053017.pkl"
264,"Clothing, Shoes & Jewelry/Hand wash, No bleach, No iron, No tumble dry/5120053017.pkl"
265,"Clothing, Shoes & Jewelry/Women/5120053645.pkl"
266,"Clothing, Shoes & Jewelry/Clothing/5120053645.pkl"
267,"Clothing, Shoes & Jewelry/Socks & Hosiery/5120053645.pkl"
268,"Clothing, Shoes & Jewelry/Tights/5120053645.pkl"
269,"Clothing, Shoes & Jewelry/Imported/5120053645.pkl"
270,"Clothing, Shoes & Jewelry/Women/5120053084.pkl"
271,"Clothing, Shoes & Jewelry/Maternity/5120053084.pkl"
272,"Clothing, Shoes & Jewelry/Nursing/5120053084.pkl"
273,"Clothing, Shoes & Jewelry/Tops & Tees/5120053084.pkl"
274,"Clothing, Shoes & Jewelry/Knits & Tees/5120053084.pkl"
275,"Clothing, Shoes & Jewelry/SAVE 10% WHEN YOU ADD 2 OR MORE sofsy PRODUCTS TO YOUR BASKET. Code: SOFSY200/5120053084.pkl"
276,"Clothing, Shoes & Jewelry/Tie front allows easy access to nursing openings beneath, for hassle-free breastfeeding anywhere./5120053084.pkl"
277,"Clothing, Shoes & Jewelry/Made of a premium rayon fabric blend thats soft to the touch, yet ultra-durable and lasting./5120053084.pkl"
278,"Clothing, Shoes & Jewelry/Elasticized waist makes this a flattering top that can be worn during pregnancy and after birth!/5120053084.pkl"
279,"Clothing, Shoes & Jewelry/Extra-long length provides ample coverage for your bottom as well as your growing baby bump./5120053084.pkl"
280,"Clothing, Shoes & Jewelry/Can be tied on the front, back or side & in a knot or bow to create a variety of stylish looks./5120053084.pkl"
281,"Clothing, Shoes & Jewelry/Women/5120053351.pkl"
282,"Clothing, Shoes & Jewelry/Imported/5120053351.pkl"
283,"Clothing, Shoes & Jewelry/ELEGANT: beautiful and sexy lingerie these Thigh-high Stay Up Stockings are a timeless classic/5120053351.pkl"
284,"Clothing, Shoes & Jewelry/FLORAL LACE TOPS: Deep Elastic 9cm tops with sturdy Double Silicone bands/5120053351.pkl"
285,"Clothing, Shoes & Jewelry/EXCELLENT QUALITY: Durable and resistant These sheer thigh highs for women are made for everyday use/5120053351.pkl"
286,"Clothing, Shoes & Jewelry/88% nylon/12% spandex, Made in Italy/5120053351.pkl"
287,"Clothing, Shoes & Jewelry/Hand wash, No bleach, No iron, No tumble dry/5120053351.pkl"
288,"Clothing, Shoes & Jewelry/Women/512005322X.pkl"
289,"Clothing, Shoes & Jewelry/Clothing/512005322X.pkl"
290,"Clothing, Shoes & Jewelry/Socks & Hosiery/512005322X.pkl"
291,"Clothing, Shoes & Jewelry/Sheers/512005322X.pkl"
292,"Clothing, Shoes & Jewelry/RECEIVE $1.00 OFF FOR EACH ADDITIONAL PAIR OF VENEZIANA HOSIERY ADDED TO YOUR CART!/512005322X.pkl"
293,"Clothing, Shoes & Jewelry/Imported/512005322X.pkl"
294,"Clothing, Shoes & Jewelry/Novelty & More/5120192157.pkl"
295,"Clothing, Shoes & Jewelry/Clothing/5120192157.pkl"
296,"Clothing, Shoes & Jewelry/Novelty/5120192157.pkl"
297,"Clothing, Shoes & Jewelry/Women/5120192157.pkl"
298,"Clothing, Shoes & Jewelry/Accessories/5120192157.pkl"
299,"Clothing, Shoes & Jewelry/Scarves/5120192157.pkl"
300,"Clothing, Shoes & Jewelry/Acrylic, ,/5120192157.pkl"
301,"Clothing, Shoes & Jewelry/Snug ribbed knit./5120192157.pkl"
302,"Clothing, Shoes & Jewelry/Size One Size./5120192157.pkl"
303,"Clothing, Shoes & Jewelry/Fabric 100% Soft Touch Acrylic Weight: 130g./5120192157.pkl"
304,"Clothing, Shoes & Jewelry/Women/5120053289.pkl"
305,"Clothing, Shoes & Jewelry/Clothing/5120053289.pkl"
306,"Clothing, Shoes & Jewelry/Socks & Hosiery/5120053289.pkl"
307,"Clothing, Shoes & Jewelry/Sheers/5120053289.pkl"
308,"Clothing, Shoes & Jewelry/RECEIVE $1.00 OFF FOR EACH ADDITIONAL PAIR OF VENEZIANA HOSIERY ADDED TO YOUR CART!/5120053289.pkl"
309,"Clothing, Shoes & Jewelry/Imported/5120053289.pkl"
310,"Clothing, Shoes & Jewelry/Women/5120053890.pkl"
311,"Clothing, Shoes & Jewelry/Maternity/5120053890.pkl"
312,"Clothing, Shoes & Jewelry/Nursing/5120053890.pkl"
313,"Clothing, Shoes & Jewelry/Dresses/5120053890.pkl"
314,"Clothing, Shoes & Jewelry/Women/5120053475.pkl"
315,"Clothing, Shoes & Jewelry/Clothing/5120053475.pkl"
316,"Clothing, Shoes & Jewelry/Socks & Hosiery/5120053475.pkl"
317,"Clothing, Shoes & Jewelry/Tights/5120053475.pkl"
318,"Clothing, Shoes & Jewelry/RECEIVE $1.00 OFF FOR EACH ADDITIONAL PAIR OF VENEZIANA HOSIERY ADDED TO YOUR CART!/5120053475.pkl"
319,"Clothing, Shoes & Jewelry/Imported/5120053475.pkl"
320,"Clothing, Shoes & Jewelry/PLAIN MATT hose are perfect for a fashionable woman who is looking to complete their outfit S M L XL/5120053475.pkl"
321,"Clothing, Shoes & Jewelry/REINFORCED BRIEF & SANDAL TOES: The reinforced panty section is shaped in a Boxer Brief style/5120053475.pkl"
322,"Clothing, Shoes & Jewelry/QUALITY: Durable, resistant, comfortable 20 Denier. SIZES: Small Medium Large X-Large (Plus Size)/5120053475.pkl"
323,"Clothing, Shoes & Jewelry/SEMI SHEER: These tights are perfect for all occasions Work Office Casual Leisure Evening Party/5120053475.pkl"
324,"Clothing, Shoes & Jewelry/COLOUR: Available in a classic Black, Cappuccino (Brown/Tan) or Natural (Nude)/5120053475.pkl"
325,"Clothing, Shoes & Jewelry/Women/5378837308.pkl"
326,"Clothing, Shoes & Jewelry/Clothing/5378837308.pkl"
327,"Clothing, Shoes & Jewelry/Jumpsuits, Rompers & Overalls/5378837308.pkl"
328,"Clothing, Shoes & Jewelry/Material:Polyester/5378837308.pkl"
329,"Clothing, Shoes & Jewelry/slim fit high waist jumpsuit/5378837308.pkl"
330,"Clothing, Shoes & Jewelry/Suit For casual,sports,yoga,outdoor, summer party,clubwear and nightclub/5378837308.pkl"
331,"Clothing, Shoes & Jewelry/Garment Care: Hand wash or dry clean your bodysuit, please don't soak the bodysuit in water for a long time, don't use chlorine bleach to wash/5378837308.pkl"
332,"Clothing, Shoes & Jewelry/If you have any question,please contact us firstly,thank you./5378837308.pkl"
333,"Clothing, Shoes & Jewelry/Traditional & Cultural Wear/5449736762.pkl"
334,"Clothing, Shoes & Jewelry/Asian/5449736762.pkl"
335,"Clothing, Shoes & Jewelry/South Asian/5449736762.pkl"
336,"Clothing, Shoes & Jewelry/Size: Free Size/5449736762.pkl"
337,"Clothing, Shoes & Jewelry/Fabric: Net and Georgette/5449736762.pkl"
338,"Clothing, Shoes & Jewelry/Semi-Stitched Lehenga Choli/5449736762.pkl"
339,"Clothing, Shoes & Jewelry/Wash Care: Dry Clean or Normal Handwash/5449736762.pkl"
340,"Clothing, Shoes & Jewelry/Occasion: Casual, Party, Festival, Ceremony, Wedding/5449736762.pkl"
341,"Clothing, Shoes & Jewelry/Traditional & Cultural Wear/5449816766.pkl"
342,"Clothing, Shoes & Jewelry/Asian/5449816766.pkl"
343,"Clothing, Shoes & Jewelry/South Asian/5449816766.pkl"
344,"Clothing, Shoes & Jewelry/Size: Free Size/5449816766.pkl"
345,"Clothing, Shoes & Jewelry/Fabric: Net and Georgette/5449816766.pkl"
346,"Clothing, Shoes & Jewelry/Semi-Stitched Lehenga Choli/5449816766.pkl"
347,"Clothing, Shoes & Jewelry/Wash Care: Dry Clean or Normal Handwash/5449816766.pkl"
348,"Clothing, Shoes & Jewelry/Occasion: Casual, Party, Festival, Ceremony, Wedding/5449816766.pkl"
349,"Clothing, Shoes & Jewelry/Traditional & Cultural Wear/5449756763.pkl"
350,"Clothing, Shoes & Jewelry/Asian/5449756763.pkl"
351,"Clothing, Shoes & Jewelry/South Asian/5449756763.pkl"
352,"Clothing, Shoes & Jewelry/Size: Free Size/5449756763.pkl"
353,"Clothing, Shoes & Jewelry/Fabric: Net and Georgette/5449756763.pkl"
354,"Clothing, Shoes & Jewelry/Semi-Stitched Lehenga Choli/5449756763.pkl"
355,"Clothing, Shoes & Jewelry/Wash Care: Dry Clean or Normal Handwash/5449756763.pkl"
356,"Clothing, Shoes & Jewelry/Occasion: Casual, Party, Festival, Ceremony, Wedding/5449756763.pkl"
357,"Clothing, Shoes & Jewelry/Traditional & Cultural Wear/5449796765.pkl"
358,"Clothing, Shoes & Jewelry/Asian/5449796765.pkl"
359,"Clothing, Shoes & Jewelry/South Asian/5449796765.pkl"
360,"Clothing, Shoes & Jewelry/Size: Free Size/5449796765.pkl"
361,"Clothing, Shoes & Jewelry/Fabric: Net and Georgette/5449796765.pkl"
362,"Clothing, Shoes & Jewelry/Semi-Stitched Lehenga Choli/5449796765.pkl"
363,"Clothing, Shoes & Jewelry/Wash Care: Dry Clean or Normal Handwash/5449796765.pkl"
364,"Clothing, Shoes & Jewelry/Occasion: Casual, Party, Festival, Ceremony, Wedding/5449796765.pkl"
365,"Clothing, Shoes & Jewelry/Novelty & More/5555014244.pkl"
366,"Clothing, Shoes & Jewelry/Clothing/5555014244.pkl"
367,"Clothing, Shoes & Jewelry/Movie & TV Fan/5555014244.pkl"
368,"Clothing, Shoes & Jewelry/Tops & Tees/5555014244.pkl"
369,"Clothing, Shoes & Jewelry/T-Shirts/5555014244.pkl"
370,"Clothing, Shoes & Jewelry/Shipped from UK - shipment within 2 working days, then 2-3 working days for expedited delivery or 10-12 working days for standard delivery/5555014244.pkl"
371,"Clothing, Shoes & Jewelry/This one is the real deal!/5555014244.pkl"
372,"Clothing, Shoes & Jewelry/Official Top Gear Merchandise/5555014244.pkl"
373,"Clothing, Shoes & Jewelry/Check out other listings for more great Top Gear stuff/5555014244.pkl"
374,"Clothing, Shoes & Jewelry/Novelty & More/5699031936.pkl"
375,"Clothing, Shoes & Jewelry/Jewelry/5699031936.pkl"
376,"Clothing, Shoes & Jewelry/Necklaces & Pendants/5699031936.pkl"
377,"Clothing, Shoes & Jewelry/Baby/5780122040.pkl"
378,"Clothing, Shoes & Jewelry/Baby Girls/5780122040.pkl"
379,"Clothing, Shoes & Jewelry/Clothing/5780122040.pkl"
380,"Clothing, Shoes & Jewelry/Bodysuits/5780122040.pkl"
381,"Clothing, Shoes & Jewelry/Novelty & More/5780122199.pkl"
382,"Clothing, Shoes & Jewelry/Clothing/5780122199.pkl"
383,"Clothing, Shoes & Jewelry/Novelty/5780122199.pkl"
384,"Clothing, Shoes & Jewelry/Baby/5780122199.pkl"
385,"Clothing, Shoes & Jewelry/Baby Girls/5780122199.pkl"
386,"Clothing, Shoes & Jewelry/Bodysuits/5780122199.pkl"
387,"Clothing, Shoes & Jewelry/Baby/5780125058.pkl"
388,"Clothing, Shoes & Jewelry/Baby Girls/5780125058.pkl"
389,"Clothing, Shoes & Jewelry/Clothing/5780125058.pkl"
390,"Clothing, Shoes & Jewelry/Tops/5780125058.pkl"
391,"Clothing, Shoes & Jewelry/Blouses/5780125058.pkl"
392,"Clothing, Shoes & Jewelry/Material:Cotton Blend/5780125058.pkl"
393,"Clothing, Shoes & Jewelry/Big / Little sister matching, fox and flower printmake your baby more adorable/5780125058.pkl"
394,"Clothing, Shoes & Jewelry/Best choice for baby shower giftsister family photoraphy giftcoming home outfit and so on/5780125058.pkl"
395,"Clothing, Shoes & Jewelry/Hand wash/5780125058.pkl"
396,"Clothing, Shoes & Jewelry/Package include:1PC Big Shirt or Little onesieBig sister and little sister clothes are sold separately, you may need add at least two sizes to shopping cart if you need both/5780125058.pkl"
397,"Clothing, Shoes & Jewelry/Women/6030555170.pkl"
398,"Clothing, Shoes & Jewelry/Clothing/6030555170.pkl"
399,"Clothing, Shoes & Jewelry/Lingerie, Sleep & Lounge/6030555170.pkl"
400,"Clothing, Shoes & Jewelry/Sleep & Lounge/6030555170.pkl"
401,"Clothing, Shoes & Jewelry/Tops/6030555170.pkl"
402,"Clothing, Shoes & Jewelry/100% Polyester/6030555170.pkl"
403,"Clothing, Shoes & Jewelry/Fleece button through bed jacket with floral pattern embroidary on collar/6030555170.pkl"
404,"Clothing, Shoes & Jewelry/Satin covered buttons/6030555170.pkl"
405,"Clothing, Shoes & Jewelry/Single front pocket with floral pattern/6030555170.pkl"
406,"Clothing, Shoes & Jewelry/Cosy, warm polar fleece/6030555170.pkl"
407,"Clothing, Shoes & Jewelry/100% Polyester - machine washable/6030555170.pkl"
408,"Clothing, Shoes & Jewelry/Shoe, Jewelry & Watch Accessories/6035555551.pkl"
409,"Clothing, Shoes & Jewelry/Jewelry Accessories/6035555551.pkl"
410,"Clothing, Shoes & Jewelry/Jewelry Boxes & Organizers/6035555551.pkl"
411,"Clothing, Shoes & Jewelry/Jewelry Boxes/6035555551.pkl"
412,"Clothing, Shoes & Jewelry/Women/6040115440.pkl"
413,"Clothing, Shoes & Jewelry/Clothing/6040115440.pkl"
414,"Clothing, Shoes & Jewelry/Lingerie, Sleep & Lounge/6040115440.pkl"
415,"Clothing, Shoes & Jewelry/Sleep & Lounge/6040115440.pkl"
416,"Clothing, Shoes & Jewelry/Nightgowns & Sleepshirts/6040115440.pkl"
417,"Clothing, Shoes & Jewelry/UK Made knitted bolero style ladies bed jacket/6040115440.pkl"
418,"Clothing, Shoes & Jewelry/100% Acrylic/6040115440.pkl"
419,"Clothing, Shoes & Jewelry/Three quarter sleeves for ease of movement/6040115440.pkl"
420,"Clothing, Shoes & Jewelry/Bolero style jacket with lovely satin fastenings/6040115440.pkl"
421,"Clothing, Shoes & Jewelry/Stylish, practical and comfortable to wear/6040115440.pkl"
422,"Clothing, Shoes & Jewelry/Shoe, Jewelry & Watch Accessories/6038000194.pkl"
423,"Clothing, Shoes & Jewelry/Jewelry Accessories/6038000194.pkl"
424,"Clothing, Shoes & Jewelry/Jewelry Boxes & Organizers/6038000194.pkl"
425,"Clothing, Shoes & Jewelry/Jewelry Boxes/6038000194.pkl"
426,"Clothing, Shoes & Jewelry/Novelty & More/6040402407.pkl"
427,"Clothing, Shoes & Jewelry/Clothing/6040402407.pkl"
428,"Clothing, Shoes & Jewelry/Novelty/6040402407.pkl"
429,"Clothing, Shoes & Jewelry/Men/6040402407.pkl"
430,"Clothing, Shoes & Jewelry/Shirts/6040402407.pkl"
431,"Clothing, Shoes & Jewelry/T-Shirts/6040402407.pkl"
432,"Clothing, Shoes & Jewelry/Lightweight Sergio Tacchini men's logo graphic t shirt/6040402407.pkl"
433,"Clothing, Shoes & Jewelry/Crew neck and short sleeves/6040402407.pkl"
434,"Clothing, Shoes & Jewelry/Wash and Iron inside out/6040402407.pkl"
435,"Clothing, Shoes & Jewelry/Novelty & More/6040594926.pkl"
436,"Clothing, Shoes & Jewelry/Clothing/6040594926.pkl"
437,"Clothing, Shoes & Jewelry/Novelty/6040594926.pkl"
438,"Clothing, Shoes & Jewelry/Women/6040594926.pkl"
439,"Clothing, Shoes & Jewelry/Jackets & Coats/6040594926.pkl"
440,"Clothing, Shoes & Jewelry/Condition: New With Tag/6040594926.pkl"
441,"Clothing, Shoes & Jewelry/This Bolero is made to a high standard, with a high attention to detail in each stage of design process; wrinkle free fabric flows perfectly; ideal for going out as well as formal and informal occassions./6040594926.pkl"
442,"Clothing, Shoes & Jewelry/Hand-made/6040594926.pkl"
443,"Clothing, Shoes & Jewelry/Unlined Bolero/6040594926.pkl"
444,"Clothing, Shoes & Jewelry/Made In EU/6040594926.pkl"
445,"Clothing, Shoes & Jewelry/Women/6040976276.pkl"
446,"Clothing, Shoes & Jewelry/Clothing/6040976276.pkl"
447,"Clothing, Shoes & Jewelry/Dresses/6040976276.pkl"
448,"Clothing, Shoes & Jewelry/Casual/6040976276.pkl"
449,"Clothing, Shoes & Jewelry/GorgeoUS purple floral print/6040976276.pkl"
450,"Clothing, Shoes & Jewelry/Great for events, parties, weddings etc/6040976276.pkl"
451,"Clothing, Shoes & Jewelry/Pleated waistline/6040976276.pkl"
452,"Clothing, Shoes & Jewelry/Knee length dress/6040976276.pkl"
453,"Clothing, Shoes & Jewelry/Women/6040974885.pkl"
454,"Clothing, Shoes & Jewelry/Clothing/6040974885.pkl"
455,"Clothing, Shoes & Jewelry/Dresses/6040974885.pkl"
456,"Clothing, Shoes & Jewelry/Casual/6040974885.pkl"
457,"Clothing, Shoes & Jewelry/Pleated lower section/6040974885.pkl"
458,"Clothing, Shoes & Jewelry/Made from light breathable material/6040974885.pkl"
459,"Clothing, Shoes & Jewelry/Perfect for vacations/6040974885.pkl"
460,"Clothing, Shoes & Jewelry/Flowing floral design dress with straps/6040974885.pkl"
461,"Clothing, Shoes & Jewelry/Novelty & More/6040595175.pkl"
462,"Clothing, Shoes & Jewelry/Clothing/6040595175.pkl"
463,"Clothing, Shoes & Jewelry/Novelty/6040595175.pkl"
464,"Clothing, Shoes & Jewelry/Women/6040595175.pkl"
465,"Clothing, Shoes & Jewelry/Jackets & Coats/6040595175.pkl"
466,"Clothing, Shoes & Jewelry/Classical Stretch Tulle jacket with full length sleeves. Suitable for all occasions./6040595175.pkl"
467,"Clothing, Shoes & Jewelry/This Bolero is made to a high standard, with a high attention to detail in each stage of design process./6040595175.pkl"
468,"Clothing, Shoes & Jewelry/Size conversion: : XS-US 2, S-US 4, M-US 6, L-US 8, XL-US 10, 2XL-US 12, 3XL-US 14/6040595175.pkl"
469,"Clothing, Shoes & Jewelry/Please follow our size chart which is upload as a image/6040595175.pkl"
470,"Clothing, Shoes & Jewelry/Made in EU/6040595175.pkl"
471,"Clothing, Shoes & Jewelry/Women/6040974753.pkl"
472,"Clothing, Shoes & Jewelry/Clothing/6040974753.pkl"
473,"Clothing, Shoes & Jewelry/Dresses/6040974753.pkl"
474,"Clothing, Shoes & Jewelry/Casual/6040974753.pkl"
475,"Clothing, Shoes & Jewelry/Elasticated ribbed bust design - for maximum comfort and confidence/6040974753.pkl"
476,"Clothing, Shoes & Jewelry/Perfect for vacations - lightweight and breathable/6040974753.pkl"
477,"Clothing, Shoes & Jewelry/GorgeoUS floral designs/6040974753.pkl"
478,"Clothing, Shoes & Jewelry/Women/6040976853.pkl"
479,"Clothing, Shoes & Jewelry/Clothing/6040976853.pkl"
480,"Clothing, Shoes & Jewelry/Dresses/6040976853.pkl"
481,"Clothing, Shoes & Jewelry/Casual/6040976853.pkl"
482,"Clothing, Shoes & Jewelry/Sleeveless, with pleated waist line/6040976853.pkl"
483,"Clothing, Shoes & Jewelry/Great for vacations, weddings, parties/6040976853.pkl"
484,"Clothing, Shoes & Jewelry/Made from lightweight breathable cotton/6040976853.pkl"
485,"Clothing, Shoes & Jewelry/GorgeoUS knee length dress in pink or blue/6040976853.pkl"
486,"Clothing, Shoes & Jewelry/Women/6040972467.pkl"
487,"Clothing, Shoes & Jewelry/Clothing/6040972467.pkl"
488,"Clothing, Shoes & Jewelry/Dresses/6040972467.pkl"
489,"Clothing, Shoes & Jewelry/Casual/6040972467.pkl"
490,"Clothing, Shoes & Jewelry/100% Cotton/6040972467.pkl"
491,"Clothing, Shoes & Jewelry/Women's Floral Pistachio Dress./6040972467.pkl"
492,"Clothing, Shoes & Jewelry/Beautiful Floral And Spot Design To The Fabric./6040972467.pkl"
493,"Clothing, Shoes & Jewelry/Pleated Detailing To The Lower Section. Adjustable Straps. V Neck Design. Pretty Waist Detailing./6040972467.pkl"
494,"Clothing, Shoes & Jewelry/Falls Just Below The Knee. Elasticated Waist. Lightweight Material Perfect For The Warmer Months./6040972467.pkl"
495,"Clothing, Shoes & Jewelry/We Deliver To Hundreds Of Countries Around The World And All International Orders Are Fully Tracked From The UK/6040972467.pkl"
496,"Clothing, Shoes & Jewelry/Novelty & More/6040597410.pkl"
497,"Clothing, Shoes & Jewelry/Clothing/6040597410.pkl"
498,"Clothing, Shoes & Jewelry/Novelty/6040597410.pkl"
499,"Clothing, Shoes & Jewelry/Women/6040597410.pkl"
500,"Clothing, Shoes & Jewelry/Jackets & Coats/6040597410.pkl"
501,"Clothing, Shoes & Jewelry/Condition: New With Tag/6040597410.pkl"
502,"Clothing, Shoes & Jewelry/This Bolero is made to a high standard, with a high attention to detail in each stage of design process; wrinkle free fabric flows perfectly; ideal for going out as well as formal and informal occassions./6040597410.pkl"
503,"Clothing, Shoes & Jewelry/Hand-made/6040597410.pkl"
504,"Clothing, Shoes & Jewelry/Unlined Bolero/6040597410.pkl"
505,"Clothing, Shoes & Jewelry/Made In EU/6040597410.pkl"
506,"Clothing, Shoes & Jewelry/Women/6042529145.pkl"
507,"Clothing, Shoes & Jewelry/Clothing/6042529145.pkl"
508,"Clothing, Shoes & Jewelry/Sweaters/6042529145.pkl"
509,"Clothing, Shoes & Jewelry/Cardigans/6042529145.pkl"
510,"Clothing, Shoes & Jewelry/Costumes & Accessories/6042651552.pkl"
511,"Clothing, Shoes & Jewelry/Women/6042651552.pkl"
512,"Clothing, Shoes & Jewelry/Masks/6042651552.pkl"
513,"Clothing, Shoes & Jewelry/Women/6040965711.pkl"
514,"Clothing, Shoes & Jewelry/Clothing/6040965711.pkl"
515,"Clothing, Shoes & Jewelry/Dresses/6040965711.pkl"
516,"Clothing, Shoes & Jewelry/Casual/6040965711.pkl"
517,"Clothing, Shoes & Jewelry/Lightweight, breathable material - great for warm days/6040965711.pkl"
518,"Clothing, Shoes & Jewelry/Ideal for the beach, by the pool, vacations etc/6040965711.pkl"
519,"Clothing, Shoes & Jewelry/Approximately 91cm long - from highest to lowest point/6040965711.pkl"
520,"Clothing, Shoes & Jewelry/Easy slip on/off dress with no fastenings/6040965711.pkl"
521,"Clothing, Shoes & Jewelry/Great fitting due to elasticity in material/6040965711.pkl"
522,"Clothing, Shoes & Jewelry/Costumes & Accessories/6042651528.pkl"
523,"Clothing, Shoes & Jewelry/Women/6042651528.pkl"
524,"Clothing, Shoes & Jewelry/Masks/6042651528.pkl"
525,"Clothing, Shoes & Jewelry/Women/6040596368.pkl"
526,"Clothing, Shoes & Jewelry/Clothing/6040596368.pkl"
527,"Clothing, Shoes & Jewelry/Coats, Jackets & Vests/6040596368.pkl"
528,"Clothing, Shoes & Jewelry/Fur & Faux Fur/6040596368.pkl"
529,"Clothing, Shoes & Jewelry/Condition: New With Tag/6040596368.pkl"
530,"Clothing, Shoes & Jewelry/Available Sizes: XS-US 2, S-US 4, M-US 6, L-US 8, XL-US 10, 2XL-US 12, 3XL-US 14. (Please follow our size chart which is upload as a image)/6040596368.pkl"
531,"Clothing, Shoes & Jewelry/Colour: Ivory, White/6040596368.pkl"
532,"Clothing, Shoes & Jewelry/Artificial Fur Jacket Full Lined/6040596368.pkl"
533,"Clothing, Shoes & Jewelry/Made In EU/6040596368.pkl"
534,"Clothing, Shoes & Jewelry/Costumes & Accessories/6042648608.pkl"
535,"Clothing, Shoes & Jewelry/Women/6042648608.pkl"
536,"Clothing, Shoes & Jewelry/Masks/6042648608.pkl"
537,"Clothing, Shoes & Jewelry/Women/615100003X.pkl"
538,"Clothing, Shoes & Jewelry/Handbags & Wallets/615100003X.pkl"
539,"Clothing, Shoes & Jewelry/Shoulder Bags/615100003X.pkl"
540,"Clothing, Shoes & Jewelry/Women/6175001664.pkl"
541,"Clothing, Shoes & Jewelry/Women/6175005996.pkl"
542,"Clothing, Shoes & Jewelry/Handbags & Wallets/6175005996.pkl"
543,"Clothing, Shoes & Jewelry/Shoulder Bags/6175005996.pkl"
544,"Clothing, Shoes & Jewelry/Women/6305121869.pkl"
545,"Clothing, Shoes & Jewelry/Clothing/6305121869.pkl"
546,"Clothing, Shoes & Jewelry/Tops, Tees & Blouses/6305121869.pkl"
547,"Clothing, Shoes & Jewelry/Blouses & Button-Down Shirts/6305121869.pkl"
548,"Clothing, Shoes & Jewelry/Import/6305121869.pkl"
549,"Clothing, Shoes & Jewelry/Versatile Occasions - Great for Daily,Casual,I am sure you will like it!/6305121869.pkl"
550,"Clothing, Shoes & Jewelry/Black Friday Cyber Monday Christmas Loose Blouse V-Neck Blouse Solid Color Blouse Sling Blouse Fashion Blouse Cool Blouse Vintage Blouse Popular Blouse Fun Blouse Sexy Blouse Lace Vest Blouse Wild Blouse Sleeveless Blouse Lace Blouse closure/6305121869.pkl"
551,"Clothing, Shoes & Jewelry/Printing Vest Rose Blouse Velvet Shirt Couple Blouse Elegant Blouse Long Sleeve Blouse Lace Vest Printed Blouse High Low Hem Blouse Top Short Sleeve Blouses Hollow Clothing Casual Shirts Out Shoulder Blouse Three Quarter Sleeve Shirts Chiffon Blouse Floral Printed Button Shirt Stailored Blouse Button Blouse Crew Neck Blouse Zip Blouse Cheap Blouse Expensive Blouse Discount Blouse Box Pattern Blouse Twill Fabric Blouse Straight Blouse Rolling Blouse Crimping Blouse Leaf Blouse Sling Blouse/6305121869.pkl"
552,"Clothing, Shoes & Jewelry/Shawl Blouse Transparent Blouse Crepe Blouse Rayon Blouse Stretch Blouse Embroidered Blouse Tie Up Blouse Bow Blouse Thick Blouse Exquisite Blouse Off Shoulder Blouse Couple Blouse Stitching Harness Rose Blouse Letter Blouse Slim Blouse Halter Blouse Oblique Blouse Feather Blouse Pullover Tops Easter Mothers Day Flag Day Independence Day Holiday Hot Pink Outfits For Women Chiffon Blouse Velvet Cardigan Blouses For Women Fashion 2018 Hoodie/6305121869.pkl"
553,"Clothing, Shoes & Jewelry/poker t shirts fishing t shirts tee shirts for guys mens blue t shirt as t shirts womens t shirts casual shirts for men tee shirt maker nice shirts for guys military t shirts witty t shirts biker t shirts olive green shirt mens beer shirts t shirt transfers polyester t shirts army t shirt custom made tee shirts men's a shirts offensive t shirts bob marley t shirts hanes t shirts kids t shirts nice mens t shirts make your own shirt t shirt making website t shirt logo/6305121869.pkl"
554,"Clothing, Shoes & Jewelry/ladies tops tops for women off the shoulder tops long tops tunic tops going out tops cute tops trendy tops lace top long tops for women party tops cotton tops blouses for women womens shirts cute tops for women summer tops dressy tops halter top tunic tops for women shoulderless tops women tops online black tops for women white top ladies long tops black top halter neck tops strapless top tops online long shirts for women summer tops for women red top lace tops for women long tops/6305121869.pkl"
555,"Clothing, Shoes & Jewelry/online designer tops sleeveless tops long sleeve tops one shoulder tops ladies tops online ladies blouse basic tops white shirt womens chiffon tops pink top ladies summer tops trendy tops for women burgundy top women's shirts black and white top/6305121869.pkl"
556,"Clothing, Shoes & Jewelry/Traditional & Cultural Wear/6318708057.pkl"
557,"Clothing, Shoes & Jewelry/Asian/6318708057.pkl"
558,"Clothing, Shoes & Jewelry/East Asian/6318708057.pkl"
559,"Clothing, Shoes & Jewelry/100% Spandex/6318708057.pkl"
560,"Clothing, Shoes & Jewelry/Order Larger If You are Between Sizes./6318708057.pkl"
561,"Clothing, Shoes & Jewelry/Befor order, check the size details in the product description./6318708057.pkl"
562,"Clothing, Shoes & Jewelry/US Large=China X-Large:Length:52.76""(134cm),Bust:37.01""(94cm),Waist:29.92""(76cm),Hip:38.58""(98cm),Shoulder:15.35""(39cm)/6318708057.pkl"
563,"Clothing, Shoes & Jewelry/US X-Large=China 2X-Large:Length:53.54""(136cm),Bust:38.58""(98cm),Waist:31.50""(80cm),Hip:40.16""(102cm),Shoulder:15.75""(40cm)/6318708057.pkl"
564,"Clothing, Shoes & Jewelry/US 2X-Large=China 3X-Large:Length:54.33""(138cm),Bust:40.16""(102cm),Waist:33.07""(84cm),Hip:41.73""(106cm),Shoulder:16.14""(41cm)/6318708057.pkl"
565,"Clothing, Shoes & Jewelry/Men/6342506256.pkl"
566,"Clothing, Shoes & Jewelry/Clothing/6342506256.pkl"
567,"Clothing, Shoes & Jewelry/Shorts/6342506256.pkl"
568,"Clothing, Shoes & Jewelry/Cargo/6342506256.pkl"
569,"Clothing, Shoes & Jewelry/Cotton/6342506256.pkl"
570,"Clothing, Shoes & Jewelry/Zipper closure/6342506256.pkl"
571,"Clothing, Shoes & Jewelry/Material:100% cotton/6342506256.pkl"
572,"Clothing, Shoes & Jewelry/Zip fly and button closure/6342506256.pkl"
573,"Clothing, Shoes & Jewelry/Multi pockets style/6342506256.pkl"
574,"Clothing, Shoes & Jewelry/Loose and casual styleThe belt is not included/6342506256.pkl"
575,"Clothing, Shoes & Jewelry/For detailed size information from PRODUCT DESCRIPTION before ordering and choose fits size/6342506256.pkl"
576,"Clothing, Shoes & Jewelry/Men/6342509379.pkl"
577,"Clothing, Shoes & Jewelry/Clothing/6342509379.pkl"
578,"Clothing, Shoes & Jewelry/Jeans/6342509379.pkl"
579,"Clothing, Shoes & Jewelry/Denim/6342509379.pkl"
580,"Clothing, Shoes & Jewelry/Zipper closure/6342509379.pkl"
581,"Clothing, Shoes & Jewelry/Material: cotton/6342509379.pkl"
582,"Clothing, Shoes & Jewelry/Style: hip pop/6342509379.pkl"
583,"Clothing, Shoes & Jewelry/Two side slant pockets and two back pockets/6342509379.pkl"
584,"Clothing, Shoes & Jewelry/Straight fit long pants/6342509379.pkl"
585,"Clothing, Shoes & Jewelry/Women/6342522081.pkl"
586,"Clothing, Shoes & Jewelry/Accessories/6342522081.pkl"
587,"Clothing, Shoes & Jewelry/Sunglasses & Eyewear Accessories/6342522081.pkl"
588,"Clothing, Shoes & Jewelry/Sunglasses/6342522081.pkl"
589,"Clothing, Shoes & Jewelry/Women/6342520577.pkl"
590,"Clothing, Shoes & Jewelry/Clothing/6342520577.pkl"
591,"Clothing, Shoes & Jewelry/Leggings/6342520577.pkl"
592,"Clothing, Shoes & Jewelry/cotton blended/6342520577.pkl"
593,"Clothing, Shoes & Jewelry/Has a fashionable flap over Pocket on the right thigh/6342520577.pkl"
594,"Clothing, Shoes & Jewelry/Soft, comfortable and machine washable/6342520577.pkl"
595,"Clothing, Shoes & Jewelry/Mid rise waist/6342520577.pkl"
596,"Clothing, Shoes & Jewelry/Great for yoga, running, gym fitness workout, casual and fashion occasions/6342520577.pkl"
597,"Clothing, Shoes & Jewelry/Women/6342522235.pkl"
598,"Clothing, Shoes & Jewelry/Accessories/6342522235.pkl"
599,"Clothing, Shoes & Jewelry/Sunglasses & Eyewear Accessories/6342522235.pkl"
600,"Clothing, Shoes & Jewelry/Sunglasses/6342522235.pkl"
601,"Clothing, Shoes & Jewelry/Women/6342502315.pkl"
602,"Clothing, Shoes & Jewelry/Accessories/6342502315.pkl"
603,"Clothing, Shoes & Jewelry/Scarves & Wraps/6342502315.pkl"
604,"Clothing, Shoes & Jewelry/Fashion Scarves/6342502315.pkl"
605,"Clothing, Shoes & Jewelry/Material:voile/6342502315.pkl"
606,"Clothing, Shoes & Jewelry/Size: 180cm x 95cm/6342502315.pkl"
607,"Clothing, Shoes & Jewelry/A scarf that looks great with anything.This scarf would enhance any outfit/6342502315.pkl"
608,"Clothing, Shoes & Jewelry/Women/6342522545.pkl"
609,"Clothing, Shoes & Jewelry/Clothing/6342522545.pkl"
610,"Clothing, Shoes & Jewelry/Lingerie, Sleep & Lounge/6342522545.pkl"
611,"Clothing, Shoes & Jewelry/Sleep & Lounge/6342522545.pkl"
612,"Clothing, Shoes & Jewelry/Nightgowns & Sleepshirts/6342522545.pkl"
613,"Clothing, Shoes & Jewelry/100% Polyester/6342522545.pkl"
614,"Clothing, Shoes & Jewelry/We use comfortable tissue to make this lovely sexy costume for you/6342522545.pkl"
615,"Clothing, Shoes & Jewelry/Material: Lace.Fashion and Sexy Design/6342522545.pkl"
616,"Clothing, Shoes & Jewelry/Function: Breathe freely, body thin leg, hip, open files, prevent to take off the wire./6342522545.pkl"
617,"Clothing, Shoes & Jewelry/Adorable caplet will complete your holiday look/6342522545.pkl"
618,"Clothing, Shoes & Jewelry/Makes you more attractive and sexy!/6342522545.pkl"
619,"Clothing, Shoes & Jewelry/Women/634252209X.pkl"
620,"Clothing, Shoes & Jewelry/Accessories/634252209X.pkl"
621,"Clothing, Shoes & Jewelry/Sunglasses & Eyewear Accessories/634252209X.pkl"
622,"Clothing, Shoes & Jewelry/Sunglasses/634252209X.pkl"
623,"Clothing, Shoes & Jewelry/Women/6342522898.pkl"
624,"Clothing, Shoes & Jewelry/Clothing/6342522898.pkl"
625,"Clothing, Shoes & Jewelry/Dresses/6342522898.pkl"
626,"Clothing, Shoes & Jewelry/Casual/6342522898.pkl"
627,"Clothing, Shoes & Jewelry/100% Polyester/6342522898.pkl"
628,"Clothing, Shoes & Jewelry/We use comfortable tissue to make this lovely sexy costume for you/6342522898.pkl"
629,"Clothing, Shoes & Jewelry/Material: Lace.Fashion and Sexy Design/6342522898.pkl"
630,"Clothing, Shoes & Jewelry/Function: Breathe freely, body thin leg, hip, open files, prevent to take off the wire./6342522898.pkl"
631,"Clothing, Shoes & Jewelry/Adorable caplet will complete your holiday look/6342522898.pkl"
632,"Clothing, Shoes & Jewelry/Makes you more attractive and sexy! Not include the socks/6342522898.pkl"
633,"Clothing, Shoes & Jewelry/Women/6342523002.pkl"
634,"Clothing, Shoes & Jewelry/Clothing/6342523002.pkl"
635,"Clothing, Shoes & Jewelry/Lingerie, Sleep & Lounge/6342523002.pkl"
636,"Clothing, Shoes & Jewelry/Sleep & Lounge/6342523002.pkl"
637,"Clothing, Shoes & Jewelry/Nightgowns & Sleepshirts/6342523002.pkl"
638,"Clothing, Shoes & Jewelry/100% Polyester/6342523002.pkl"
639,"Clothing, Shoes & Jewelry/We use comfortable tissue to make this lovely sexy costume for you/6342523002.pkl"
640,"Clothing, Shoes & Jewelry/Material: Lace.Fashion and Sexy Design/6342523002.pkl"
641,"Clothing, Shoes & Jewelry/Function: Breathe freely, body thin leg, hip, open files, prevent to take off the wire./6342523002.pkl"
642,"Clothing, Shoes & Jewelry/Adorable caplet will complete your holiday look/6342523002.pkl"
643,"Clothing, Shoes & Jewelry/Makes you more attractive and sexy! Not include the socks/6342523002.pkl"
644,"Clothing, Shoes & Jewelry/Novelty & More/6338750458.pkl"
645,"Clothing, Shoes & Jewelry/Clothing/6338750458.pkl"
646,"Clothing, Shoes & Jewelry/Novelty/6338750458.pkl"
647,"Clothing, Shoes & Jewelry/Men/6338750458.pkl"
648,"Clothing, Shoes & Jewelry/Shirts/6338750458.pkl"
649,"Clothing, Shoes & Jewelry/T-Shirts/6338750458.pkl"
650,"Clothing, Shoes & Jewelry/Women/6342501416.pkl"
651,"Clothing, Shoes & Jewelry/Accessories/6342501416.pkl"
652,"Clothing, Shoes & Jewelry/Scarves & Wraps/6342501416.pkl"
653,"Clothing, Shoes & Jewelry/Wraps & Pashminas/6342501416.pkl"
654,"Clothing, Shoes & Jewelry/100% Acrylic/6342501416.pkl"
655,"Clothing, Shoes & Jewelry/Acrylic/Artificial wool/6342501416.pkl"
656,"Clothing, Shoes & Jewelry/Size: 200cm/78"" x 80cm/31""/6342501416.pkl"
657,"Clothing, Shoes & Jewelry/Soft Lightweight Pashmina Feel Fabric Perfect for Traveling, Casual or Formal and Makes a Great Gift!/6342501416.pkl"
658,"Clothing, Shoes & Jewelry/A scarf that looks great with anything.This scarf would enhance any outfit/6342501416.pkl"
659,"Clothing, Shoes & Jewelry/Wrap up warm or look cool and sophisticated used as a shawl or a scarf./6342501416.pkl"
660,"Clothing, Shoes & Jewelry/Men/6342509018.pkl"
661,"Clothing, Shoes & Jewelry/Clothing/6342509018.pkl"
662,"Clothing, Shoes & Jewelry/Jeans/6342509018.pkl"
663,"Clothing, Shoes & Jewelry/Denim/6342509018.pkl"
664,"Clothing, Shoes & Jewelry/Zipper closure/6342509018.pkl"
665,"Clothing, Shoes & Jewelry/Material: cotton/6342509018.pkl"
666,"Clothing, Shoes & Jewelry/Style: hip pop/6342509018.pkl"
667,"Clothing, Shoes & Jewelry/Two side slant pockets and two back pockets/6342509018.pkl"
668,"Clothing, Shoes & Jewelry/Straight fit long pants/6342509018.pkl"
669,"Clothing, Shoes & Jewelry/Embroidery pattern/6342509018.pkl"
670,"Clothing, Shoes & Jewelry/Women/6319781610.pkl"
671,"Clothing, Shoes & Jewelry/Clothing/6319781610.pkl"
672,"Clothing, Shoes & Jewelry/Dresses/6319781610.pkl"
673,"Clothing, Shoes & Jewelry/100% Polyester/6319781610.pkl"
674,"Clothing, Shoes & Jewelry/The size is normally 1~2 size smaller than US size./6319781610.pkl"
675,"Clothing, Shoes & Jewelry/US X-Small=China Medium:Length:69.68""(177cm),Bust:35.43""(90cm),Waist:30.71""(78cm),Hip:38.98""(99cm)/6319781610.pkl"
676,"Clothing, Shoes & Jewelry/US Small=China Large:Length:70.08""(178cm),Bust:37.01""(94cm),Waist:32.28""(82cm),Hip:40.55""(103cm)/6319781610.pkl"
677,"Clothing, Shoes & Jewelry/US Medium=China X-Large:Length:70.47""(179cm),Bust:38.58""(98cm),Waist:33.86""(86cm),Hip:42.13""(107cm)/6319781610.pkl"
678,"Clothing, Shoes & Jewelry/Men/6342502943.pkl"
679,"Clothing, Shoes & Jewelry/Clothing/6342502943.pkl"
680,"Clothing, Shoes & Jewelry/Pants/6342502943.pkl"
681,"Clothing, Shoes & Jewelry/Casual/6342502943.pkl"
682,"Clothing, Shoes & Jewelry/100% Cotton/6342502943.pkl"
683,"Clothing, Shoes & Jewelry/Zipper closure/6342502943.pkl"
684,"Clothing, Shoes & Jewelry/Material: cotton/6342502943.pkl"
685,"Clothing, Shoes & Jewelry/Multi pockets style/6342502943.pkl"
686,"Clothing, Shoes & Jewelry/Fleece lined keeps you warm in the cold weather/6342502943.pkl"
687,"Clothing, Shoes & Jewelry/Loose and casual styleThe belt is not included/6342502943.pkl"
688,"Clothing, Shoes & Jewelry/For detailed size information from PRODUCT DESCRIPTION before ordering and choose fits size/6342502943.pkl"
