asin,url
B00004VWIZ,https://images-na.ssl-images-amazon.com/images/I/71jAGNOamUL._AC_UX695_.jpg
B0000A51FU,https://images-na.ssl-images-amazon.com/images/I/71B-ftw2GYL._AC_UX695_.jpg
B0000ANAKR,https://images-na.ssl-images-amazon.com/images/I/71BmV4tR1SL._AC_UY695_.jpg
B000281STC,https://images-na.ssl-images-amazon.com/images/I/817y8LjQY6L._AC_UY695_.jpg
B0002M155A,https://images-na.ssl-images-amazon.com/images/I/917NeOIqZTL._AC_UX695_.jpg
B0006I8I3C,https://images-na.ssl-images-amazon.com/images/I/71xFtzDZDmL._AC_UX695_.jpg
B0007KN8RK,https://images-na.ssl-images-amazon.com/images/I/41gjXl7VomL._AC_.jpg
B0007MCQ8K,https://images-na.ssl-images-amazon.com/images/I/41WDHGXA8GL._AC_.jpg
B0007MG1M2,https://images-na.ssl-images-amazon.com/images/I/81DghY45KhL._AC_UY695_.jpg
B0007SZ9WY,https://images-na.ssl-images-amazon.com/images/I/71OzaqXkF7L._AC_UX695_.jpg
B0007T6JC2,https://images-na.ssl-images-amazon.com/images/I/81utgHIBixL._AC_UY695_.jpg
B0009XKO18,https://images-na.ssl-images-amazon.com/images/I/51W5IYy-LnL._AC_UY695_.jpg
B000A0PYQ0,https://images-na.ssl-images-amazon.com/images/I/61Y6WCadpnL._AC_UY695_.jpg
B000AOZKBU,https://images-na.ssl-images-amazon.com/images/I/61CIAN3HsVL._AC_UX695_.jpg
B000ARL1MO,https://images-na.ssl-images-amazon.com/images/I/81VQb05%2BJXL._AC_UX695_.jpg
B000ARWNSU,https://images-na.ssl-images-amazon.com/images/I/91z6B5qg4WL._AC_UY695_.jpg
B000B3C8UG,https://images-na.ssl-images-amazon.com/images/I/71juy6futPL._AC_UX695_.jpg
B000BM6DGW,https://images-na.ssl-images-amazon.com/images/I/71E8ErPvomS._AC_UY695_.jpg
B000BNV1O0,https://images-na.ssl-images-amazon.com/images/I/5124zqzwPuL._AC_SX679_.jpg
B000BO6482,https://images-na.ssl-images-amazon.com/images/I/61ItuiQ-ozL._AC_UX695_.jpg
B000BQ87R6,https://images-na.ssl-images-amazon.com/images/I/71akrxmdi5L._AC_UX695_.jpg
B000CC408E,https://images-na.ssl-images-amazon.com/images/I/81MzNaP53pL._AC_UY695_.jpg
B000E0PPC4,https://images-na.ssl-images-amazon.com/images/I/416W9CZYGML._AC_.jpg
B000E9FTMQ,https://images-na.ssl-images-amazon.com/images/I/91BCA3tHXeS._AC_UY695_.jpg
B000EGZYPG,https://images-na.ssl-images-amazon.com/images/I/415vypn1yEL._AC_.jpg
B000EHCY1W,https://images-na.ssl-images-amazon.com/images/I/81jrEpPn-UL._AC_UX695_.jpg
B000EQMTCW,https://images-na.ssl-images-amazon.com/images/I/61YMRXQJ6ZL._AC_UX695_.jpg
B000ETMDC0,https://images-na.ssl-images-amazon.com/images/I/7162jz5lJoS._AC_UY695_.jpg
B000EX5YCW,https://images-na.ssl-images-amazon.com/images/I/71Irc5BQxBL._AC_UX695_.jpg
B000F4YBF6,https://images-na.ssl-images-amazon.com/images/I/81ChNICxSNS._AC_UY695_.jpg
B000F5V63A,https://images-na.ssl-images-amazon.com/images/I/81FnZG8soiL._AC_UX695_.jpg
B000F5VZC2,https://images-na.ssl-images-amazon.com/images/I/712591OxjIL._AC_UX695_.jpg
B000FJJROG,https://images-na.ssl-images-amazon.com/images/I/81M7kF0FBoL._AC_UX695_.jpg
B000FKKJ88,https://images-na.ssl-images-amazon.com/images/I/81EoEEBDFGL._AC_UX569_.jpg
B000G33OZE,https://images-na.ssl-images-amazon.com/images/I/710vp7OICNS._AC_UY695_.jpg
B000G5W65Q,https://images-na.ssl-images-amazon.com/images/I/41gFwPsC9qL._AC_.jpg
B000H2YC1Y,https://images-na.ssl-images-amazon.com/images/I/81cr6aSJzIL._AC_UX695_.jpg
B000H6OYBS,https://images-na.ssl-images-amazon.com/images/I/61l-XLQJS3L._AC_UY695_.jpg
B000HTNRMC,https://images-na.ssl-images-amazon.com/images/I/81plo8eEBoS._AC_UY695_.jpg
B000HZI730,https://images-na.ssl-images-amazon.com/images/I/716VUHYUllS._AC_UY695_.jpg
B000I7DXFO,https://images-na.ssl-images-amazon.com/images/I/81xVBZ2rYsL._AC_UX695_.jpg
B000IDNDIU,https://images-na.ssl-images-amazon.com/images/I/71mhkf3-nqL._AC_UY695_.jpg
B000IE20UQ,https://images-na.ssl-images-amazon.com/images/I/71DlfbtPqlL._AC_UX695_.jpg
B000IV5GNM,https://images-na.ssl-images-amazon.com/images/I/71QPaOpJq-L._AC_UX695_.jpg
B000KA0IL6,https://images-na.ssl-images-amazon.com/images/I/61foEV2jLXL._AC_UY695_.jpg
B000KC5VW0,https://images-na.ssl-images-amazon.com/images/I/919J9ukjLhL._AC_UX679_.jpg
B000KKQJD2,https://images-na.ssl-images-amazon.com/images/I/71K%2BRAPYRSL._AC_UX695_.jpg
B000KMJ1OE,https://images-na.ssl-images-amazon.com/images/I/711aLe2yuVS._AC_UY695_.jpg
B000LJOSXA,https://images-na.ssl-images-amazon.com/images/I/61IL9z5g4kL._AC_UY695_.jpg
B000MGNHKM,https://images-na.ssl-images-amazon.com/images/I/51ZQvRCB3JL._AC_UX695_.jpg
B000MSD1JC,https://images-na.ssl-images-amazon.com/images/I/912wLkv%2BMJL._AC_UX679_.jpg
B000NK8ML6,https://images-na.ssl-images-amazon.com/images/I/81r0oVTrHxS._AC_SX679_.jpg
B000NP6MDQ,https://images-na.ssl-images-amazon.com/images/I/81m3PySwmoS._AC_SX679_.jpg
B000O8L0W0,https://images-na.ssl-images-amazon.com/images/I/41Duwtojd3L._AC_UX679_.jpg
B000OAQ5OQ,https://images-na.ssl-images-amazon.com/images/I/71QJdne-J6L._AC_UX695_.jpg
B000OYQOCK,https://images-na.ssl-images-amazon.com/images/I/61FAdP2KvSL._AC_UX695_.jpg
B000OZN3IW,https://images-na.ssl-images-amazon.com/images/I/61OCEQTBbxS._AC_UY695_.jpg
B000P3ZCBY,https://images-na.ssl-images-amazon.com/images/I/61YPkwjtR8S._AC_UY695_.jpg
B000P4MJ0A,https://images-na.ssl-images-amazon.com/images/I/51QPShe-LAL._AC_UY695_.jpg
B000PHDL1I,https://images-na.ssl-images-amazon.com/images/I/71A1mR0QJMS._AC_UY695_.jpg
B000PHDL22,https://images-na.ssl-images-amazon.com/images/I/71A1mR0QJMS._AC_UY695_.jpg
B000PHDWNA,https://images-na.ssl-images-amazon.com/images/I/31qEIkKjWML._AC_.jpg
B000PRJSH4,https://images-na.ssl-images-amazon.com/images/I/81zBV4vN1UL._AC_UX695_.jpg
B000Q60DVE,https://images-na.ssl-images-amazon.com/images/I/71UsOxq579S._AC_UY695_.jpg
B000RFA0K8,https://images-na.ssl-images-amazon.com/images/I/61ir83l5AJS._AC_UY695_.jpg
B000STMAGK,https://images-na.ssl-images-amazon.com/images/I/7102D7A31cL._AC_UY695_.jpg
B000TE67R2,https://images-na.ssl-images-amazon.com/images/I/71MtN89w9QL._AC_UX695_.jpg
B000UH6T5I,https://images-na.ssl-images-amazon.com/images/I/81dOdaisxUS._AC_UY695_.jpg
B000UU3PA2,https://images-na.ssl-images-amazon.com/images/I/81Zw7fzy3gL._AC_UY695_.jpg
B000UV57FC,https://images-na.ssl-images-amazon.com/images/I/61JgXAjWClL._AC_UY695_.jpg
B000VTRF9Y,https://images-na.ssl-images-amazon.com/images/I/71aKB8LSvIS._AC_UY695_.jpg
B000VX4V7E,https://images-na.ssl-images-amazon.com/images/I/61cnvaKCzIL._AC_UX695_.jpg
B000W0CAJW,https://images-na.ssl-images-amazon.com/images/I/71fvEVHukxL._AC_UX695_.jpg
B000W91WO2,https://images-na.ssl-images-amazon.com/images/I/714doKrD8cL._AC_UX695_.jpg
B000W93N26,https://images-na.ssl-images-amazon.com/images/I/71CrsSrt8JL._AC_UY695_.jpg
B000WHRW6G,https://images-na.ssl-images-amazon.com/images/I/91YeqAcQIeS._AC_UY695_.jpg
B000WIB3Y2,https://images-na.ssl-images-amazon.com/images/I/71uMdb9eX5S._AC_UX695_.jpg
B000WIIFOI,https://images-na.ssl-images-amazon.com/images/I/81ngglcvQvS._AC_UY695_.jpg
B000XB31C0,https://images-na.ssl-images-amazon.com/images/I/616jr-Ica9L._AC_UY695_.jpg
B000XNLGFM,https://images-na.ssl-images-amazon.com/images/I/81x9znOm8jL._AC_UY695_.jpg
B000XRAIIO,https://images-na.ssl-images-amazon.com/images/I/41eAx1dplgL._AC_.jpg
B000XXYJX8,https://images-na.ssl-images-amazon.com/images/I/417gDHhC8DL._AC_.jpg
B000XY4X8I,https://images-na.ssl-images-amazon.com/images/I/916vOu74jPL._AC_UX695_.jpg
B000Y096HO,https://images-na.ssl-images-amazon.com/images/I/71-rbAn4btL._AC_UX695_.jpg
B000YA81O8,https://images-na.ssl-images-amazon.com/images/I/515E-U6rMzL._AC_UX695_.jpg
B000YHE8SY,https://images-na.ssl-images-amazon.com/images/I/11Cc3Q1TEmL._AC_.jpg
B001044HEA,https://images-na.ssl-images-amazon.com/images/I/81MiYLziokS._AC_UY695_.jpg
B0010K94LU,https://images-na.ssl-images-amazon.com/images/I/61HzELmVO0L._AC_UX679_.jpg
B001126L68,https://images-na.ssl-images-amazon.com/images/I/91PW-WKno5S._AC_UX679_.jpg
B0012FA6P6,https://images-na.ssl-images-amazon.com/images/I/81CFe5BeU6L._AC_UX695_.jpg
B0012FAFM0,https://images-na.ssl-images-amazon.com/images/I/91bsf%2BduFQS._AC_UY695_.jpg
B0012FX3EW,https://images-na.ssl-images-amazon.com/images/I/612QBbG4hCL._AC_UY695_.jpg
B0012HSWVO,https://images-na.ssl-images-amazon.com/images/I/91JDQcg5UuL._AC_UY695_.jpg
B0012I8T16,https://images-na.ssl-images-amazon.com/images/I/816teVBL9FS._AC_UY695_.jpg
B0012K2TM4,https://images-na.ssl-images-amazon.com/images/I/91RCN77UP1L._AC_UY695_.jpg
B00130QGR2,https://images-na.ssl-images-amazon.com/images/I/818V6o5bQjL._AC_UX695_.jpg
B00130ZOTS,https://images-na.ssl-images-amazon.com/images/I/81MNq2c%2BMdL._AC_UY695_.jpg
B00131OSD0,https://images-na.ssl-images-amazon.com/images/I/91dyDg3aERL._AC_UY695_.jpg
B00132EMGC,https://images-na.ssl-images-amazon.com/images/I/912fVaLxPhL._AC_SX679_.jpg
B00132Z2IO,https://images-na.ssl-images-amazon.com/images/I/91CbiwvGYTS._AC_UX679_.jpg
B0013VSC3M,https://images-na.ssl-images-amazon.com/images/I/81eAFoPTxAS._AC_UY695_.jpg
B0014AE1S2,https://images-na.ssl-images-amazon.com/images/I/81Uzkl9i7wS._AC_UY695_.jpg
B0014AXFD4,https://images-na.ssl-images-amazon.com/images/I/817FdocV6LS._AC_UY695_.jpg
B0014GTZRS,https://images-na.ssl-images-amazon.com/images/I/81jCPn1LCzL._AC_UX695_.jpg
B0014SPU7U,https://images-na.ssl-images-amazon.com/images/I/81H-klSQjgS._AC_UY695_.jpg
B00150W8WC,https://images-na.ssl-images-amazon.com/images/I/91wJkPLYl3L._AC_UX679_.jpg
B0015DRME8,https://images-na.ssl-images-amazon.com/images/I/81gE1cERXkL._AC_UY695_.jpg
B0015RTJ40,https://images-na.ssl-images-amazon.com/images/I/51T58aNrzJL._AC_.jpg
B0016JB51W,https://images-na.ssl-images-amazon.com/images/I/81C%2BF8j1lEL._AC_UX695_.jpg
B001792DBC,https://images-na.ssl-images-amazon.com/images/I/81Z%2BzUa7VRS._AC_UY695_.jpg
B0017KSRMA,https://images-na.ssl-images-amazon.com/images/I/412YBuxst-L._AC_.jpg
B0017Q0SIU,https://images-na.ssl-images-amazon.com/images/I/81f0Tl63LnL._AC_UX695_.jpg
B0017Q8I46,https://images-na.ssl-images-amazon.com/images/I/81vroMXnkBS._AC_UY695_.jpg
B00186ELM8,https://images-na.ssl-images-amazon.com/images/I/91JnYf0s8gL._AC_UX679_.jpg
B0018A0S8K,https://images-na.ssl-images-amazon.com/images/I/71HHD4GGDJL._AC_UY695_.jpg
B0018Q6P6I,https://images-na.ssl-images-amazon.com/images/I/314vmFh64wL._AC_.jpg
B001949UHK,https://images-na.ssl-images-amazon.com/images/I/7101rmpydWL._AC_UX695_.jpg
B0019GNATC,https://images-na.ssl-images-amazon.com/images/I/816Fi5GIfAS._AC_UY695_.jpg
B001AOJLHS,https://images-na.ssl-images-amazon.com/images/I/81hLkNvgG7S._AC_UY695_.jpg
B001ATVE9Q,https://images-na.ssl-images-amazon.com/images/I/81PLnADXGzS.__AC_SY395_QL70_FMwebp_.jpg
B001AWWUJ6,https://images-na.ssl-images-amazon.com/images/I/51Wy6t6aeYL._AC_UY695_.jpg
B001AWWV5O,https://images-na.ssl-images-amazon.com/images/I/51xgtgwhzoL._AC_UY695_.jpg
B001AX0ZKG,https://images-na.ssl-images-amazon.com/images/I/81zGAml-kuL._AC_UX695_.jpg
B001B65R8W,https://images-na.ssl-images-amazon.com/images/I/315qi6JZ-2L._AC_.jpg
B001BJGW10,https://images-na.ssl-images-amazon.com/images/I/81H4KiPI4FS._AC_UY695_.jpg
B001C4AI2I,https://images-na.ssl-images-amazon.com/images/I/91iOJIs%2B0YS._AC_UX679_.jpg
B001CEBMYG,https://images-na.ssl-images-amazon.com/images/I/713ZZrDjMDS._AC_UY741_.jpg
B001CEBO3U,https://images-na.ssl-images-amazon.com/images/I/81Zw2LPY4HL._AC_UY741_.jpg
B001CRED2Q,https://images-na.ssl-images-amazon.com/images/I/918FcysrWBL._AC_UY695_.jpg
B001D25TLO,https://images-na.ssl-images-amazon.com/images/I/61yiqqrNxVL._AC_UY695_.jpg
B001E5CQIY,https://images-na.ssl-images-amazon.com/images/I/91EEFXCbGvL._AC_UY695_.jpg
B001EJN0BC,https://images-na.ssl-images-amazon.com/images/I/813dDRDS-LL._AC_UX695_.jpg
B001EJN2C4,https://images-na.ssl-images-amazon.com/images/I/81b1EMwqM0L._AC_UX695_.jpg
B001EJNGNO,https://images-na.ssl-images-amazon.com/images/I/71QHdbMTt-L._AC_UY695_.jpg
B001ELL0L2,https://images-na.ssl-images-amazon.com/images/I/81l7Ip68h9L._AC_UY695_.jpg
B001F3H28E,https://images-na.ssl-images-amazon.com/images/I/81mRuUR2GRL._AC_UY695_.jpg
B001G62AXC,https://images-na.ssl-images-amazon.com/images/I/819DoaFkEXL._AC_UX695_.jpg
B001G7R234,https://images-na.ssl-images-amazon.com/images/I/81umusBTW-L._AC_UY695_.jpg
B001GBFOZS,https://images-na.ssl-images-amazon.com/images/I/71JPR5LK8qL._AC_UY695_.jpg
B001GNBJD2,https://images-na.ssl-images-amazon.com/images/I/91ND6DZM08L._AC_UX679_.jpg
B001GNBJNW,https://images-na.ssl-images-amazon.com/images/I/61lcM38-tfL._AC_UX695_.jpg
B001HN5J2S,https://images-na.ssl-images-amazon.com/images/I/91VhUZbRgaL._AC_SX679_.jpg
B001I3LDPO,https://images-na.ssl-images-amazon.com/images/I/91DYJS1RLUL._AC_UY741_.jpg
B001I6NMXW,https://images-na.ssl-images-amazon.com/images/I/61lmDd292qL._AC_UY695_.jpg
B001IKKLXC,https://images-na.ssl-images-amazon.com/images/I/710rV5Tak0L._AC_UX679_.jpg
B001J6NWZO,https://images-na.ssl-images-amazon.com/images/I/718kMk%2BxBYL._AC_UY695_.jpg
B001KIUA06,https://images-na.ssl-images-amazon.com/images/I/71MU3IqVQ6L._AC_UX695_.jpg
B001KVYM0C,https://images-na.ssl-images-amazon.com/images/I/61fm2lYjQpL._AC_UX695_.jpg
B001M9NYNI,https://images-na.ssl-images-amazon.com/images/I/81v3TzRfgRL._AC_UY695_.jpg
B001NXBW50,https://images-na.ssl-images-amazon.com/images/I/81KZ30YoTpL._AC_UY695_.jpg
B001OTYYY4,https://images-na.ssl-images-amazon.com/images/I/71rqxu3%2B5HL._AC_UX695_.jpg
B001PBF3EQ,https://images-na.ssl-images-amazon.com/images/I/91gvdgouIYL._AC_UX679_.jpg
B001PE9SYO,https://images-na.ssl-images-amazon.com/images/I/A1GYtLGJxmL._AC_UX679_.jpg
B001Q5FXHI,https://images-na.ssl-images-amazon.com/images/I/7125Ss9pbmL._AC_UX695_.jpg
B001Q7O9XU,https://images-na.ssl-images-amazon.com/images/I/8126DEdat-L._AC_UX695_.jpg
B001SN8B22,https://images-na.ssl-images-amazon.com/images/I/916PrLEXFRS._AC_UY695_.jpg
B001TV07V6,https://images-na.ssl-images-amazon.com/images/I/717dVfgzWoL._AC_UY695_.jpg
B001U0OTUQ,https://images-na.ssl-images-amazon.com/images/I/91KwGe9tOiL._AC_UY695_.jpg
B001UV38W0,https://images-na.ssl-images-amazon.com/images/I/81yZ0YmwOML._AC_UY695_.jpg
B001UV3FZA,https://images-na.ssl-images-amazon.com/images/I/81YCr5rDGmL._AC_UX695_.jpg
B00237KF9E,https://images-na.ssl-images-amazon.com/images/I/41B1suTrCKL._AC_UX695_.jpg
B00264FI4G,https://images-na.ssl-images-amazon.com/images/I/814kOb4Ql4L._AC_UY695_.jpg
B0026MRNGO,https://images-na.ssl-images-amazon.com/images/I/71MBM-MqGeL._AC_UY695_.jpg
B0027A7UJK,https://images-na.ssl-images-amazon.com/images/I/71t4RNR6svL._AC_UY695_.jpg
B002AMUNQC,https://images-na.ssl-images-amazon.com/images/I/514riL-7SNL._AC_.jpg
B002ASAL8G,https://images-na.ssl-images-amazon.com/images/I/715YilKSd3L._AC_UX695_.jpg
B002B561WI,https://images-na.ssl-images-amazon.com/images/I/81Ww84h4QkL._AC_UX695_.jpg
B002B5625Y,https://images-na.ssl-images-amazon.com/images/I/71tXBSPO2mL._AC_UY695_.jpg
B002BNM2NC,https://images-na.ssl-images-amazon.com/images/I/81FIEL9kKVL._AC_UY741_.jpg
B002BWQE9G,https://images-na.ssl-images-amazon.com/images/I/71ExuUsnRVL._AC_UX695_.jpg
B002DR38D4,https://images-na.ssl-images-amazon.com/images/I/91CoFOsAo7L._AC_UY695_.jpg
B002E9HHU6,https://images-na.ssl-images-amazon.com/images/I/916xTSbOJvL._AC_UY695_.jpg
B002EL36FY,https://images-na.ssl-images-amazon.com/images/I/61uW24mYI1L._AC_UX695_.jpg
B002EQEY32,https://images-na.ssl-images-amazon.com/images/I/91lvSy7lt4L._AC_UY695_.jpg
B002FCH61C,https://images-na.ssl-images-amazon.com/images/I/81K0T97KBmL._AC_UX695_.jpg
B002FQJ5CQ,https://images-na.ssl-images-amazon.com/images/I/71TYDYvBZhL._AC_UX695_.jpg
B002FU6UES,https://images-na.ssl-images-amazon.com/images/I/51XSxRt%2B1uL._AC_UX695_.jpg
B002GJQ0L6,https://images-na.ssl-images-amazon.com/images/I/81HhAnBrJpL._AC_UY695_.jpg
B002HMD5YC,https://images-na.ssl-images-amazon.com/images/I/81Wehbjx8sL._AC_UY695_.jpg
B002IGS41Q,https://images-na.ssl-images-amazon.com/images/I/617ZlSANqdL._AC_UY695_.jpg
B002IXRC8U,https://images-na.ssl-images-amazon.com/images/I/71pkQame3OL._AC_UX695_.jpg
B002JINRI8,https://images-na.ssl-images-amazon.com/images/I/61iDaA9Q-SL._AC_UX695_.jpg
B002JPJEOM,https://images-na.ssl-images-amazon.com/images/I/817th7N40oS._AC_UY695_.jpg
B002KKD082,https://images-na.ssl-images-amazon.com/images/I/81WPrpbWGCL._AC_UY695_.jpg
B002KQ5WIC,https://images-na.ssl-images-amazon.com/images/I/91FawKNVUCL._AC_UY695_.jpg
B002L3S1SC,https://images-na.ssl-images-amazon.com/images/I/71YA8y6WvhL._AC_UY695_.jpg
B002LCAS5W,https://images-na.ssl-images-amazon.com/images/I/815%2Bkou1zhL._AC_UY695_.jpg
B002LH471I,https://images-na.ssl-images-amazon.com/images/I/91cqiU319vL._AC_UY695_.jpg
B002LH4GVE,https://images-na.ssl-images-amazon.com/images/I/91LdQ4EP%2BIL._AC_UY695_.jpg
B002MH3OH0,https://images-na.ssl-images-amazon.com/images/I/61M6LPrDRsL._AC_UX695_.jpg
B002MPR36K,https://images-na.ssl-images-amazon.com/images/I/91-qGwVMOTL._AC_UY695_.jpg
B002MUAK56,https://images-na.ssl-images-amazon.com/images/I/91KGp0JH-0L._AC_UY695_.jpg
B002MXYMEI,https://images-na.ssl-images-amazon.com/images/I/817G98p3ACL._AC_UY695_.jpg
B002MXZ5D0,https://images-na.ssl-images-amazon.com/images/I/91jFqYFiWwL._AC_UY695_.jpg
B002NU6MNY,https://images-na.ssl-images-amazon.com/images/I/61Uk31i4ygL._AC_UX695_.jpg
B002NU6MPW,https://images-na.ssl-images-amazon.com/images/I/61Uk31i4ygL._AC_UX695_.jpg
B002NWZIGO,https://images-na.ssl-images-amazon.com/images/I/511M9JZGrEL._AC_.jpg
B002O0LX8C,https://images-na.ssl-images-amazon.com/images/I/81l3adGPw8L._AC_UY695_.jpg
B002O8R1K8,https://images-na.ssl-images-amazon.com/images/I/719Rma5HH1L._AC_UX695_.jpg
B002ONCIR4,https://images-na.ssl-images-amazon.com/images/I/81gtVhX-VhL._AC_UY695_.jpg
B002OSWSTW,https://images-na.ssl-images-amazon.com/images/I/81H0hofPtpL._AC_UY695_.jpg
B002OSXYP4,https://images-na.ssl-images-amazon.com/images/I/91ePG4x2xSL._AC_UY695_.jpg
B002Q8HTYY,https://images-na.ssl-images-amazon.com/images/I/81ZqkZwUVLL._AC_UY695_.jpg
B002QGTU66,https://images-na.ssl-images-amazon.com/images/I/81BZel%2Bh3mL._AC_UY695_.jpg
B002ROHP8C,https://images-na.ssl-images-amazon.com/images/I/81Ew8QRbTgL._AC_UY695_.jpg
B002RS6B3S,https://images-na.ssl-images-amazon.com/images/I/91ebzpfH3gL._AC_UY741_.jpg
B002S0MZWG,https://images-na.ssl-images-amazon.com/images/I/61sX66wMAcL._AC_UX695_.jpg
B002SG8EAW,https://images-na.ssl-images-amazon.com/images/I/81P4Jl-iLYL._AC_UY695_.jpg
B002SNMI1G,https://images-na.ssl-images-amazon.com/images/I/51mgu2veDaL._AC_UX679_.jpg
B002TSBGN6,https://images-na.ssl-images-amazon.com/images/I/51gFfxLwZkL._AC_UX695_.jpg
B002UKPPP8,https://images-na.ssl-images-amazon.com/images/I/81B8Ko2mecL._AC_UY695_.jpg
B002UXS1U6,https://images-na.ssl-images-amazon.com/images/I/81CakAuJB6L._AC_UY695_.jpg
B002UXS2FA,https://images-na.ssl-images-amazon.com/images/I/81MIUys13BS._AC_UY695_.jpg
B002V389WA,https://images-na.ssl-images-amazon.com/images/I/814FsXmbvXL._AC_UY741_.jpg
B002WJHELK,https://images-na.ssl-images-amazon.com/images/I/61D%2BMk2P7TL._AC_SX679_.jpg
B002XJFEZC,https://images-na.ssl-images-amazon.com/images/I/416r9CJdv9L._AC_.jpg
B002YK3W0O,https://images-na.ssl-images-amazon.com/images/I/81qgPn8%2BrLL._AC_UX695_.jpg
B00303F77K,https://images-na.ssl-images-amazon.com/images/I/61GM-IXiBEL._AC_UY695_.jpg
B00318CFWE,https://images-na.ssl-images-amazon.com/images/I/91CU6A2qzqL._AC_UY695_.jpg
B0031MAI8I,https://images-na.ssl-images-amazon.com/images/I/81uzeIPSzdL._AC_UY695_.jpg
B0032JS2I8,https://images-na.ssl-images-amazon.com/images/I/71q6olHQe5L._AC_UY695_.jpg
B00336G7CI,https://images-na.ssl-images-amazon.com/images/I/91UjgSUC9GL._AC_UY695_.jpg
B0033PSJ9S,https://images-na.ssl-images-amazon.com/images/I/7115CNeuv1L._AC_UY695_.jpg
B00359CAFQ,https://images-na.ssl-images-amazon.com/images/I/51RCkNLS3rL._AC_UX695_.jpg
B0035K27RG,https://images-na.ssl-images-amazon.com/images/I/81R%2Bfh8GMQL._AC_UX695_.jpg
B0036VNRL4,https://images-na.ssl-images-amazon.com/images/I/810fiHVv7eL._AC_UY695_.jpg
B00375MIJQ,https://images-na.ssl-images-amazon.com/images/I/81XjQWp4KoL._AC_UX695_.jpg
B00377N7H6,https://images-na.ssl-images-amazon.com/images/I/71bm6qnUYJL._AC_UY695_.jpg
B0037KLHYS,https://images-na.ssl-images-amazon.com/images/I/71kgkR%2BIUCL._AC_UX695_.jpg
B0037KLI6K,https://images-na.ssl-images-amazon.com/images/I/71kgkR%2BIUCL._AC_UX695_.jpg
B00381AEFY,https://images-na.ssl-images-amazon.com/images/I/71qf7DUJKUL._AC_UY695_.jpg
B00381D8GQ,https://images-na.ssl-images-amazon.com/images/I/81ks3yUy1lL._AC_UY695_.jpg
B0038L63MM,https://images-na.ssl-images-amazon.com/images/I/91mQoWIOzfL._AC_UY695_.jpg
B0039NLT0K,https://images-na.ssl-images-amazon.com/images/I/717MiVgH-HL._AC_UX695_.jpg
B003AM7JM2,https://images-na.ssl-images-amazon.com/images/I/71%2BqVUD14jL._AC_UY695_.jpg
B003AVLXFM,https://images-na.ssl-images-amazon.com/images/I/81XP%2BpZWNTL._AC_UY695_.jpg
B003B30544,https://images-na.ssl-images-amazon.com/images/I/91T3ev3uPtL._AC_UX695_.jpg
B003BLPS8O,https://images-na.ssl-images-amazon.com/images/I/61o9V40iXAL._AC_UX695_.jpg
B003BU81BG,https://images-na.ssl-images-amazon.com/images/I/617Hoqyq6NL._AC_UY695_.jpg
B003CQS4SE,https://images-na.ssl-images-amazon.com/images/I/81Low1MbZZL._AC_UY695_.jpg
B003D3OCVY,https://images-na.ssl-images-amazon.com/images/I/81IK1I64v%2BL._AC_UX695_.jpg
B003D8J52U,https://images-na.ssl-images-amazon.com/images/I/81ho4ym6zDL._AC_UY695_.jpg
B003DA4Y2E,https://images-na.ssl-images-amazon.com/images/I/41YJIJkD7mL._AC_.jpg
B003DPXCQI,https://images-na.ssl-images-amazon.com/images/I/81pWjp9VpJL._AC_UY695_.jpg
B003DULW2O,https://images-na.ssl-images-amazon.com/images/I/610qg-5AlBL._AC_UX695_.jpg
B003EOANVU,https://images-na.ssl-images-amazon.com/images/I/717kcK712jL._AC_UY695_.jpg
B003ER5U1K,https://images-na.ssl-images-amazon.com/images/I/81Efhv8eprL._AC_UX695_.jpg
B003F76QWG,https://images-na.ssl-images-amazon.com/images/I/81-um-6UT1L._AC_UY695_.jpg
B003FHPCUS,https://images-na.ssl-images-amazon.com/images/I/61jQVziOeZL._AC_UY695_.jpg
B003FKFZ02,https://images-na.ssl-images-amazon.com/images/I/91TpJeYRAKL._AC_UY741_.jpg
B003FZA9P8,https://images-na.ssl-images-amazon.com/images/I/81fmojkM14L._AC_UY695_.jpg
B003G0S8MI,https://images-na.ssl-images-amazon.com/images/I/71JZ2D7eRuL._AC_UY695_.jpg
B003GDJ11M,https://images-na.ssl-images-amazon.com/images/I/715VYWzpTKL._AC_UY695_.jpg
B003GDJ1SU,https://images-na.ssl-images-amazon.com/images/I/710da6zptFL._AC_UY695_.jpg
B003GXFT4A,https://images-na.ssl-images-amazon.com/images/I/81fpid0jhnL._AC_UY695_.jpg
B003IJ0QHC,https://images-na.ssl-images-amazon.com/images/I/81va72Ue9kL._SX466_.jpg
B003J35Y2Y,https://images-na.ssl-images-amazon.com/images/I/91UkrhXV2EL._AC_UX679_.jpg
B003JGFUW0,https://images-na.ssl-images-amazon.com/images/I/81cM%2B1fQMrL._AC_UY695_.jpg
B003JJEYFQ,https://images-na.ssl-images-amazon.com/images/I/7128Tv%2BWeeL._AC_UX695_.jpg
B003JKQHGE,https://images-na.ssl-images-amazon.com/images/I/71iEUBjwMsL._AC_UY695_.jpg
B003JKV3SG,https://images-na.ssl-images-amazon.com/images/I/811-XkK5y3L._AC_UX695_.jpg
B003JMFI8U,https://images-na.ssl-images-amazon.com/images/I/71HVdTi4gvL._AC_UX695_.jpg
B003LN0GFW,https://images-na.ssl-images-amazon.com/images/I/71cLBN-OQXL._AC_UX695_.jpg
B003LN0IDM,https://images-na.ssl-images-amazon.com/images/I/81Dqq8dMrEL._AC_UX695_.jpg
B003NAUKOK,https://images-na.ssl-images-amazon.com/images/I/61N6bwgDvxL._AC_UX695_.jpg
B003NDLW62,https://images-na.ssl-images-amazon.com/images/I/81V8JKhTvCL._AC_UY695_.jpg
B003OU52YC,https://images-na.ssl-images-amazon.com/images/I/71kyt%2BLo5wL._AC_UY695_.jpg
B003OYJF8W,https://images-na.ssl-images-amazon.com/images/I/71rEraYo0rL._AC_UX695_.jpg
B003SE7VPC,https://images-na.ssl-images-amazon.com/images/I/91tvoxbKQ%2BL._AC_UY695_.jpg
B003UH1U2M,https://images-na.ssl-images-amazon.com/images/I/91xAmwUxaWL._AC_UX695_.jpg
B003UHULRW,https://images-na.ssl-images-amazon.com/images/I/71tNOhertPL._AC_UY695_.jpg
B003UKL7X6,https://images-na.ssl-images-amazon.com/images/I/714jlIbZcjL._AC_UY695_.jpg
B003V4C17W,https://images-na.ssl-images-amazon.com/images/I/71Me86Dy2LL._AC_UY695_.jpg
B003V4XAA4,https://images-na.ssl-images-amazon.com/images/I/51ScEZKoUML._AC_UX679_.jpg
B003VOVUBK,https://images-na.ssl-images-amazon.com/images/I/81-j1UF2PgL._AC_UY695_.jpg
B003VQ6V2G,https://images-na.ssl-images-amazon.com/images/I/61SA4wFq5pL._AC_UY695_.jpg
B003VR52GQ,https://images-na.ssl-images-amazon.com/images/I/91EDQzLL7nL._AC_UY695_.jpg
B003VWBNUA,https://images-na.ssl-images-amazon.com/images/I/81Vrdd9%2B1XL._AC_UY695_.jpg
B003VWBVT8,https://images-na.ssl-images-amazon.com/images/I/81%2BTLjJKf5L._AC_UY695_.jpg
B005A50PXM,https://images-na.ssl-images-amazon.com/images/I/814h3bFF-3L._AC_UX695_.jpg
B005A8JMOW,https://images-na.ssl-images-amazon.com/images/I/81iRwvN64XL._AC_SX679_.jpg
B005BHOU3A,https://images-na.ssl-images-amazon.com/images/I/71d8XnIcGPL._AC_UX695_.jpg
B005BVD2MQ,https://images-na.ssl-images-amazon.com/images/I/81a3pGA0-gL._AC_UX695_.jpg
B005BVMAQK,https://images-na.ssl-images-amazon.com/images/I/61N2PvkHmOL._AC_UX695_.jpg
B005BVYJUK,https://images-na.ssl-images-amazon.com/images/I/81x%2Bhkf4LML._AC_UX695_.jpg
B005C7U6BY,https://images-na.ssl-images-amazon.com/images/I/81hmHKCNcLL._AC_UY695_.jpg
B005CDCOFE,https://images-na.ssl-images-amazon.com/images/I/816ZXbZi8AL._AC_UX695_.jpg
B005CFUWC4,https://images-na.ssl-images-amazon.com/images/I/815zG5AsAsL._AC_UX695_.jpg
B005CKQ78M,https://images-na.ssl-images-amazon.com/images/I/81LLJvIEBEL._AC_UX695_.jpg
B005CMR08Q,https://images-na.ssl-images-amazon.com/images/I/717z4YfV%2BqL._AC_UX695_.jpg
B005CTCR46,https://images-na.ssl-images-amazon.com/images/I/91KyF79Gk7L._AC_UX695_.jpg
B005CTCSEU,https://images-na.ssl-images-amazon.com/images/I/819HFeep6ML._AC_UX695_.jpg
B005CWQB9A,https://images-na.ssl-images-amazon.com/images/I/81YNtJ58AGL._AC_UX695_.jpg
B005CZ2QDC,https://images-na.ssl-images-amazon.com/images/I/7145mE7p-LL._AC_UY695_.jpg
B005D6BIIY,https://images-na.ssl-images-amazon.com/images/I/71v7MzdVyCL._AC_UX695_.jpg
B005DNNJ1Q,https://images-na.ssl-images-amazon.com/images/I/81n1mggCDKL._AC_UX695_.jpg
B005DO1FZM,https://images-na.ssl-images-amazon.com/images/I/81xmGJ9dxQL._AC_UX695_.jpg
B005E8URHE,https://images-na.ssl-images-amazon.com/images/I/41sncZD1M3L._AC_.jpg
B005EP1N8O,https://images-na.ssl-images-amazon.com/images/I/81kV182O%2BLL._AC_UX695_.jpg
B005ES60ZM,https://images-na.ssl-images-amazon.com/images/I/61W0DrzfYxL._AC_UX695_.jpg
B005EWES3E,https://images-na.ssl-images-amazon.com/images/I/81DYjJBGk5L._AC_UY695_.jpg
B005F2F292,https://images-na.ssl-images-amazon.com/images/I/71sOPgD4JzL._AC_UY695_.jpg
B005F2RRD6,https://images-na.ssl-images-amazon.com/images/I/71ngID7-b1L._AC_UX695_.jpg
B005FUI1WE,https://images-na.ssl-images-amazon.com/images/I/61au7AGaSuL._AC_UX695_.jpg
B005FX1A4C,https://images-na.ssl-images-amazon.com/images/I/81Zl3G07%2BqL._AC_UX695_.jpg
B005FZZRI0,https://images-na.ssl-images-amazon.com/images/I/91k%2BCgu3u5L._AC_UX679_.jpg
B005G7TSMI,https://images-na.ssl-images-amazon.com/images/I/71nAaIEUZUL._AC_UX695_.jpg
B005GI8VD4,https://images-na.ssl-images-amazon.com/images/I/71WFqlHwZqL._AC_UX695_.jpg
B005GOPVEU,https://images-na.ssl-images-amazon.com/images/I/81nXzRWGXHL._AC_UX695_.jpg
B005GVIOB0,https://images-na.ssl-images-amazon.com/images/I/91damwQxTpL._AC_UY741_.jpg
B005HURTWA,https://images-na.ssl-images-amazon.com/images/I/81b1ygjJsnL._AC_UY695_.jpg
B005I25XDO,https://images-na.ssl-images-amazon.com/images/I/7167l6FEDaL._AC_UX695_.jpg
B005IX3M4K,https://images-na.ssl-images-amazon.com/images/I/71MNwylCs1L._AC_UX695_.jpg
B005JS7NIU,https://images-na.ssl-images-amazon.com/images/I/81UYaUxPbJL._AC_SY879_.jpg
B005LLWHQS,https://images-na.ssl-images-amazon.com/images/I/81oOXit3Z0L._AC_UX695_.jpg
B005M97FP2,https://images-na.ssl-images-amazon.com/images/I/71PfPKiyEnL._AC_UX695_.jpg
B005MDYOVQ,https://images-na.ssl-images-amazon.com/images/I/91qp6rT9l3L._AC_UY879_.jpg
B005N4J27K,https://images-na.ssl-images-amazon.com/images/I/91bUzUGHs9L._AC_UX695_.jpg
B005NZMSEI,https://images-na.ssl-images-amazon.com/images/I/A1iXerwf9YL._AC_UY695_.jpg
B005OHRI5Y,https://images-na.ssl-images-amazon.com/images/I/81PDX2XoBtL._AC_UX695_.jpg
B005OO266S,https://images-na.ssl-images-amazon.com/images/I/5193n95vI6L._AC_UY695_.jpg
B005OQAJO2,https://images-na.ssl-images-amazon.com/images/I/81UkSm%2BUeIL._AC_UY695_.jpg
B005P10UDG,https://images-na.ssl-images-amazon.com/images/I/61UYHJi0YTL._AC_UX679_.jpg
B005P4R748,https://images-na.ssl-images-amazon.com/images/I/81zr-%2BH9oGL._AC_UX695_.jpg
B005POGOI8,https://images-na.ssl-images-amazon.com/images/I/71pT8riJzZL._AC_UX695_.jpg
B005PQ8SAS,https://images-na.ssl-images-amazon.com/images/I/81EOuZAqDOL._AC_UX695_.jpg
B005PQBOKY,https://images-na.ssl-images-amazon.com/images/I/71XUVZpY6eL._AC_UY695_.jpg
B005PYNVZW,https://images-na.ssl-images-amazon.com/images/I/71h-T78nIsL._AC_UX695_.jpg
B005QNWZ86,https://images-na.ssl-images-amazon.com/images/I/71L9qvxVN2L._AC_UX695_.jpg
B005QQP47M,https://images-na.ssl-images-amazon.com/images/I/810MzqLsqML._AC_UY695_.jpg
B005R1E7BK,https://images-na.ssl-images-amazon.com/images/I/91uOFtLO5BL._AC_UY695_.jpg
B005R2QW0I,https://images-na.ssl-images-amazon.com/images/I/81YlL5MwKSL._AC_UY695_.jpg
B005RMMYLE,https://images-na.ssl-images-amazon.com/images/I/81eZugajCJL._AC_UX695_.jpg
B005SIO8NY,https://images-na.ssl-images-amazon.com/images/I/81KF6aMNz6L._AC_UX679_.jpg
B005T612HA,https://images-na.ssl-images-amazon.com/images/I/9198%2B2Mb7HL._AC_UX695_.jpg
B005U9T82W,https://images-na.ssl-images-amazon.com/images/I/71esuBHZDdL._AC_UX695_.jpg
B005UJPSDK,https://images-na.ssl-images-amazon.com/images/I/81%2B8NIqYz1L._AC_UX695_.jpg
B005UVNECK,https://images-na.ssl-images-amazon.com/images/I/81HDSLOUynL._AC_UX695_.jpg
B005X5S5QI,https://images-na.ssl-images-amazon.com/images/I/61hQEU-6QkL._AC_UY695_.jpg
B0060O8BCO,https://images-na.ssl-images-amazon.com/images/I/71hkMt30JiL._AC_UX695_.jpg
B006263J1I,https://images-na.ssl-images-amazon.com/images/I/71dFDaVmeBL._AC_UX695_.jpg
B0065GYVEE,https://images-na.ssl-images-amazon.com/images/I/71nCERHYzKL._AC_UX679_.jpg
B006DU433Q,https://images-na.ssl-images-amazon.com/images/I/71NDqjrlLdL._AC_UX695_.jpg
B006FKS8TO,https://images-na.ssl-images-amazon.com/images/I/A1QCQ3%2BPkoL._AC_UY695_.jpg
B006H1DT6S,https://images-na.ssl-images-amazon.com/images/I/81cAc8POieL._AC_UX695_.jpg
B006H1KARO,https://images-na.ssl-images-amazon.com/images/I/81tNPnEep%2BL._AC_UX695_.jpg
B006H3BKLC,https://images-na.ssl-images-amazon.com/images/I/81X-f1-g1ZL._AC_UX695_.jpg
B006JO4J2G,https://images-na.ssl-images-amazon.com/images/I/71TqSX7N8GL._AC_UX695_.jpg
B006K1B3MC,https://images-na.ssl-images-amazon.com/images/I/71WmEmWaaCL._AC_UX695_.jpg
B006LNGK7M,https://images-na.ssl-images-amazon.com/images/I/411FM2%2BJRRL._AC_.jpg
B006MJBEPI,https://images-na.ssl-images-amazon.com/images/I/712iMCesw5L._AC_UY695_.jpg
B006MP9ZVM,https://images-na.ssl-images-amazon.com/images/I/71mXzJxYnCL._AC_UX695_.jpg
B006NYOYMC,https://images-na.ssl-images-amazon.com/images/I/61rS%2BWQ3vhL._AC_UY695_.jpg
B006NZFRJA,https://images-na.ssl-images-amazon.com/images/I/71NV6t0Mw-L._AC_UY695_.jpg
B006O0K9K6,https://images-na.ssl-images-amazon.com/images/I/71RWnMZMasL._AC_UY695_.jpg
B006OF4WRC,https://images-na.ssl-images-amazon.com/images/I/61bfv77YcYL._AC_UY695_.jpg
B006OW1V4C,https://images-na.ssl-images-amazon.com/images/I/71bIVZLZxoL._AC_UX695_.jpg
B006P5T7Z8,https://images-na.ssl-images-amazon.com/images/I/41hWUuMYY5L._AC_.jpg
B006Q8LCG6,https://images-na.ssl-images-amazon.com/images/I/81rIqfrGO8L._AC_UX695_.jpg
B006SBUQPO,https://images-na.ssl-images-amazon.com/images/I/71MpT4z%2B10L._AC_UX695_.jpg
B006T309XK,https://images-na.ssl-images-amazon.com/images/I/81iyoJ5vkqL._AC_UX695_.jpg
B006T943LI,https://images-na.ssl-images-amazon.com/images/I/71DP0-RAN2L._AC_UX695_.jpg
B006TQMIA4,https://images-na.ssl-images-amazon.com/images/I/71Uwn01ZrGL._AC_UY695_.jpg
B006UK4YI8,https://images-na.ssl-images-amazon.com/images/I/61AuSZ3hj1L._AC_UX695_.jpg
B006VA2T7U,https://images-na.ssl-images-amazon.com/images/I/81K9DlO8YuL._AC_UY695_.jpg
B006VG2SPM,https://images-na.ssl-images-amazon.com/images/I/71pv6L8LbJL._AC_UX695_.jpg
B006VWUULK,https://images-na.ssl-images-amazon.com/images/I/81r-MgaLrLL._AC_UX695_.jpg
B006VZ5S9G,https://images-na.ssl-images-amazon.com/images/I/61kaXbYO99L._AC_UX679_.jpg
B006WREF06,https://images-na.ssl-images-amazon.com/images/I/71rLvIChkQL._AC_UX695_.jpg
B006XX4P5E,https://images-na.ssl-images-amazon.com/images/I/61cp9RavbjL._AC_UX695_.jpg
B006ZBLETY,https://images-na.ssl-images-amazon.com/images/I/81Q18oiMXAL._AC_UX695_.jpg
B006ZM6WKO,https://images-na.ssl-images-amazon.com/images/I/91wqWrnyyvL._AC_UX679_.jpg
B006ZTGFCC,https://images-na.ssl-images-amazon.com/images/I/819JKTC3kfL._AC_UY695_.jpg
B0070YMYCG,https://images-na.ssl-images-amazon.com/images/I/61JBEoDet4L._AC_UY695_.jpg
B00717X7KA,https://images-na.ssl-images-amazon.com/images/I/81WnComj0%2BL._AC_UX695_.jpg
B00721G914,https://images-na.ssl-images-amazon.com/images/I/71YD0SlzmFL._AC_UX695_.jpg
B0072C7OPI,https://images-na.ssl-images-amazon.com/images/I/81gSQm2tGYL._AC_UX695_.jpg
B0072MB2G0,https://images-na.ssl-images-amazon.com/images/I/31vaKtX0pLL._AC_.jpg
B0073NUHKA,https://images-na.ssl-images-amazon.com/images/I/814GcHbdCbL._AC_UX695_.jpg
B0073QCJC6,https://images-na.ssl-images-amazon.com/images/I/91ZxIPCGMZL._AC_UX679_.jpg
B0073RLB9M,https://images-na.ssl-images-amazon.com/images/I/710vJWg5F5L._AC_UY695_.jpg
B0073SDUCM,https://images-na.ssl-images-amazon.com/images/I/71Qcc290mCL._AC_UY695_.jpg
B00741IJ88,https://images-na.ssl-images-amazon.com/images/I/51POhltDxZL._AC_UY695_.jpg
B00749RCHO,https://images-na.ssl-images-amazon.com/images/I/71QUjbl%2BFbL._AC_UY695_.jpg
B0074HTOVI,https://images-na.ssl-images-amazon.com/images/I/A1sqh1S7lGL._AC_UX679_.jpg
B0074N845E,https://images-na.ssl-images-amazon.com/images/I/81fQxiDgS2L._AC_UX695_.jpg
B0074O6F2C,https://images-na.ssl-images-amazon.com/images/I/716DVB%2BLH3L._AC_UY695_.jpg
B00750HI08,https://images-na.ssl-images-amazon.com/images/I/81y0TvhCn0L._AC_UY695_.jpg
B00767J718,https://images-na.ssl-images-amazon.com/images/I/51dr874P5jL._AC_.jpg
B0076O5I3W,https://images-na.ssl-images-amazon.com/images/I/61wkYdFPbZL._AC_UX695_.jpg
B00772PNQU,https://images-na.ssl-images-amazon.com/images/I/41LHBYkc-FL._AC_UX695_.jpg
B0078J102S,https://images-na.ssl-images-amazon.com/images/I/81JMY7m8jtL._AC_UX695_.jpg
B0079WY6IE,https://images-na.ssl-images-amazon.com/images/I/81Q09gZ88xL._AC_UX695_.jpg
B007A9VKXK,https://images-na.ssl-images-amazon.com/images/I/81uLDfw5yrL._AC_UX695_.jpg
B007B2KQ0E,https://images-na.ssl-images-amazon.com/images/I/51b19gfkI1L._AC_UX695_.jpg
B007BWS8XQ,https://images-na.ssl-images-amazon.com/images/I/71w9u0VOyYL._AC_UX695_.jpg
B007BWS95I,https://images-na.ssl-images-amazon.com/images/I/71w9u0VOyYL._AC_UX695_.jpg
B007CHIKDI,https://images-na.ssl-images-amazon.com/images/I/81gdcraG2cL._AC_UX695_.jpg
B007EN0FL0,https://images-na.ssl-images-amazon.com/images/I/51l6mgoJj4L._AC_UX695_.jpg
B007GQ1AJG,https://images-na.ssl-images-amazon.com/images/I/718drrRuLsL._AC_UY695_.jpg
B007IVNTWA,https://images-na.ssl-images-amazon.com/images/I/71e7uEl7m1L._AC_UY695_.jpg
B007IVNXKS,https://images-na.ssl-images-amazon.com/images/I/71e7uEl7m1L._AC_UY695_.jpg
B007JNGXDE,https://images-na.ssl-images-amazon.com/images/I/81pVaVRYstL._AC_UY695_.jpg
B007JNHAQI,https://images-na.ssl-images-amazon.com/images/I/7167qgRvDCL._AC_UY695_.jpg
B007JTXL0Q,https://images-na.ssl-images-amazon.com/images/I/81foOM%2BhChL._AC_UX695_.jpg
B007JX92I2,https://images-na.ssl-images-amazon.com/images/I/613oPQTC13L._AC_UX695_.jpg
B007K0UR6U,https://images-na.ssl-images-amazon.com/images/I/71xsNuU9RzL._AC_UX695_.jpg
B007K0UTQ8,https://images-na.ssl-images-amazon.com/images/I/71xsNuU9RzL._AC_UX695_.jpg
B007KA7KZQ,https://images-na.ssl-images-amazon.com/images/I/81ck3MU1aCL._AC_UX695_.jpg
B007KB0L6K,https://images-na.ssl-images-amazon.com/images/I/81qTp0zJP-L._AC_UY695_.jpg
B007M8KIPA,https://images-na.ssl-images-amazon.com/images/I/71YxiAFkVBL._AC_UX695_.jpg
B007MMXZK6,https://images-na.ssl-images-amazon.com/images/I/71SrAgCdpfL._AC_UX695_.jpg
B007MRZW84,https://images-na.ssl-images-amazon.com/images/I/71Y%2Bvp4O2%2BL._AC_UX695_.jpg
B007PMRSUQ,https://images-na.ssl-images-amazon.com/images/I/81XOHd0QiJL._AC_UX695_.jpg
B007PSHN7I,https://images-na.ssl-images-amazon.com/images/I/81trU23ybbL._AC_UX695_.jpg
B007PT47RQ,https://images-na.ssl-images-amazon.com/images/I/81UYaUxPbJL._AC_SY879_.jpg
B007QWHDE6,https://images-na.ssl-images-amazon.com/images/I/81MAFZKLtjL._AC_UX695_.jpg
B007R6BVZI,https://images-na.ssl-images-amazon.com/images/I/71kfbwLY%2BGL._AC_UY695_.jpg
B007RAY97Q,https://images-na.ssl-images-amazon.com/images/I/817qVp0yTqL._AC_UY695_.jpg
B007REP8HC,https://images-na.ssl-images-amazon.com/images/I/81fxHu4tFqL._AC_UX695_.jpg
B007TNZ5L0,https://images-na.ssl-images-amazon.com/images/I/81qfjo6ETFL._AC_UX695_.jpg
B007TQYQU8,https://images-na.ssl-images-amazon.com/images/I/813J38aa9EL._AC_UX695_.jpg
B007W2IY6Q,https://images-na.ssl-images-amazon.com/images/I/71oxWIaNRBL._AC_UX695_.jpg
B007WA677Q,https://images-na.ssl-images-amazon.com/images/I/61-PhHGiOkL._AC_UX695_.jpg
B007YZGS4Q,https://images-na.ssl-images-amazon.com/images/I/81fSQxLI5PL._AC_UX695_.jpg
B007ZI7LCA,https://images-na.ssl-images-amazon.com/images/I/71vMbYk5nrL._AC_UX695_.jpg
B007ZXY5ZQ,https://images-na.ssl-images-amazon.com/images/I/71ic0S6B7iL._AC_UX695_.jpg
B00805D572,https://images-na.ssl-images-amazon.com/images/I/71xJirmDnfL._AC_UX695_.jpg
B0080CJFF6,https://images-na.ssl-images-amazon.com/images/I/81VZKWCUTML._AC_UX695_.jpg
B008187KZQ,https://images-na.ssl-images-amazon.com/images/I/61P85PrkMVL._AC_UY695_.jpg
B0081K9P0C,https://images-na.ssl-images-amazon.com/images/I/71Clg8smCdL._AC_UY695_.jpg
B0081NW33K,https://images-na.ssl-images-amazon.com/images/I/61qpJO9JodL._AC_UX695_.jpg
B0081VIMUU,https://images-na.ssl-images-amazon.com/images/I/71trfSf0U-L._AC_UX695_.jpg
B0081VIN7W,https://images-na.ssl-images-amazon.com/images/I/71trfSf0U-L._AC_UX695_.jpg
B0083GYTPA,https://images-na.ssl-images-amazon.com/images/I/816pR8sVULL._AC_UX695_.jpg
B0083XXI9Q,https://images-na.ssl-images-amazon.com/images/I/71szSgOOMrL._AC_UX679_.jpg
B00847DBNO,https://images-na.ssl-images-amazon.com/images/I/41Hv5Laz8xL._AC_.jpg
B0084E9HQ2,https://images-na.ssl-images-amazon.com/images/I/71JjlUTpUxL._AC_UX695_.jpg
B0084FY0JK,https://images-na.ssl-images-amazon.com/images/I/91XrfIyO62L._AC_UX695_.jpg
B0084JCRLY,https://images-na.ssl-images-amazon.com/images/I/81h05ora8mL._AC_UX695_.jpg
B0086IB340,https://images-na.ssl-images-amazon.com/images/I/71PnL9uGL2L._AC_UX695_.jpg
B0086TBWHM,https://images-na.ssl-images-amazon.com/images/I/71kNtSLzi2L._AC_UX695_.jpg
B0087QB2RY,https://images-na.ssl-images-amazon.com/images/I/81NcgiyPLGL._AC_UX695_.jpg
B0089NAQJA,https://images-na.ssl-images-amazon.com/images/I/71%2BD89CaesL._AC_UX695_.jpg
B0089ONBFK,https://images-na.ssl-images-amazon.com/images/I/81SAFqulzXL._AC_UX695_.jpg
B0089OR2YQ,https://images-na.ssl-images-amazon.com/images/I/71WqpPRq5AL._AC_UX695_.jpg
B0089Y8FIS,https://images-na.ssl-images-amazon.com/images/I/51wRsSJxJpL._AC_UX695_.jpg
B0089ZRV3M,https://images-na.ssl-images-amazon.com/images/I/815fghwqVRL._AC_UX695_.jpg
B008A0QP6K,https://images-na.ssl-images-amazon.com/images/I/71zDcTbu43L._AC_UX695_.jpg
B008A0QSOE,https://images-na.ssl-images-amazon.com/images/I/61D%2B9tTIyHL._AC_UX695_.jpg
B008A6KWVI,https://images-na.ssl-images-amazon.com/images/I/71DdraCQ4vL._AC_UX695_.jpg
B008CUK9EM,https://images-na.ssl-images-amazon.com/images/I/81FIvvpuvYL._AC_UX695_.jpg
B008DRMQ68,https://images-na.ssl-images-amazon.com/images/I/71-nhD0SJLL._AC_UX695_.jpg
B008E16XHQ,https://images-na.ssl-images-amazon.com/images/I/71-JCWil6iL._AC_UX695_.jpg
B008FFYH1U,https://images-na.ssl-images-amazon.com/images/I/81oLMCWhvtL._AC_UX695_.jpg
B008G1GH8E,https://images-na.ssl-images-amazon.com/images/I/615YYqZSdRL._AC_UY695_.jpg
B008HDYENQ,https://images-na.ssl-images-amazon.com/images/I/71Ni%2BMyTjIL._AC_UX695_.jpg
B008HOJRSC,https://images-na.ssl-images-amazon.com/images/I/61RkdydSMJL._AC_UY695_.jpg
B008IAHSHW,https://images-na.ssl-images-amazon.com/images/I/61636d3ELKL._AC_UY695_.jpg
B008INYV2O,https://images-na.ssl-images-amazon.com/images/I/51nMArCPD5L._AC_UX679_.jpg
B008J27X06,https://images-na.ssl-images-amazon.com/images/I/71X25AS4muL._AC_UX695_.jpg
B008J27Y6Y,https://images-na.ssl-images-amazon.com/images/I/71C1WphpDOL._AC_UX695_.jpg
B008J4E8PC,https://images-na.ssl-images-amazon.com/images/I/81PrpAllibL._AC_UX695_.jpg
B008J4RXDG,https://images-na.ssl-images-amazon.com/images/I/81x%2B84YrEFL._AC_UX695_.jpg
B008J4S55Q,https://images-na.ssl-images-amazon.com/images/I/81Cb3Eb3S1L._AC_UX695_.jpg
B008JBPQ5G,https://images-na.ssl-images-amazon.com/images/I/81CaRlADMyL._AC_UX695_.jpg
B008JEL24W,https://images-na.ssl-images-amazon.com/images/I/71RXT0MIH%2BL._AC_UX695_.jpg
B008JELGBG,https://images-na.ssl-images-amazon.com/images/I/71qbANZxpJL._AC_UX695_.jpg
B008JLZ0W0,https://images-na.ssl-images-amazon.com/images/I/81PxtMTniqL._AC_UX695_.jpg
B008JW3HX8,https://images-na.ssl-images-amazon.com/images/I/81iTX5VbN7L._AC_UX695_.jpg
B008JWH2L6,https://images-na.ssl-images-amazon.com/images/I/81busVcUDGL._AC_UX695_.jpg
B008JWHS9W,https://images-na.ssl-images-amazon.com/images/I/81busVcUDGL._AC_UX695_.jpg
B008K46X68,https://images-na.ssl-images-amazon.com/images/I/913MxvC3IML._AC_UX695_.jpg
B008K94Y00,https://images-na.ssl-images-amazon.com/images/I/81vGzGe2EHL._AC_UX695_.jpg
B008K9A7XI,https://images-na.ssl-images-amazon.com/images/I/716NRokL3KL._AC_UX695_.jpg
B008KHIH3M,https://images-na.ssl-images-amazon.com/images/I/711KviDTYLL._AC_UX695_.jpg
B008L5ZE1G,https://images-na.ssl-images-amazon.com/images/I/81SvrS09hbL._AC_UY695_.jpg
B008LSIK1Y,https://images-na.ssl-images-amazon.com/images/I/71rfJ%2BCJ53L._AC_UX695_.jpg
B008M2QQLK,https://images-na.ssl-images-amazon.com/images/I/71tOl30lxIL._AC_UX695_.jpg
B008M38HXY,https://images-na.ssl-images-amazon.com/images/I/71yuWlac08L._AC_UX695_.jpg
B008M4VTBK,https://images-na.ssl-images-amazon.com/images/I/71VtfVKx1tL._AC_UX695_.jpg
B008MMJ6V2,https://images-na.ssl-images-amazon.com/images/I/71IDjXYnvkL._AC_UX695_.jpg
B008ND258Q,https://images-na.ssl-images-amazon.com/images/I/61KT%2BrsoixL._AC_UX679_.jpg
B008OKK3K0,https://images-na.ssl-images-amazon.com/images/I/71jmB5vU5hL._AC_UY695_.jpg
B008OOL33M,https://images-na.ssl-images-amazon.com/images/I/71nAaXqNxrL._AC_UX695_.jpg
B008OPP03K,https://images-na.ssl-images-amazon.com/images/I/81V12UxBkFL._AC_UX695_.jpg
B008ORCGHG,https://images-na.ssl-images-amazon.com/images/I/61tCWJ2EoKL._AC_UX695_.jpg
B008OTAWP2,https://images-na.ssl-images-amazon.com/images/I/71iHpDXZzOL._AC_UX695_.jpg
B008OTC0ES,https://images-na.ssl-images-amazon.com/images/I/81kC7DbOY9L._AC_UX695_.jpg
B008RI9YJU,https://images-na.ssl-images-amazon.com/images/I/71qXfKwZcJL._AC_UX695_.jpg
B008RR2PX8,https://images-na.ssl-images-amazon.com/images/I/71z-BRL1SwL._AC_UX695_.jpg
B008RZRBMU,https://images-na.ssl-images-amazon.com/images/I/81vvcssqUoL._AC_UX695_.jpg
B008RZRBR0,https://images-na.ssl-images-amazon.com/images/I/51%2B2cY7nW8L._AC_UX695_.jpg
B008UYRZYW,https://images-na.ssl-images-amazon.com/images/I/61ZmCMpytRL._AC_UX695_.jpg
B008V8OBQM,https://images-na.ssl-images-amazon.com/images/I/71Nw9mz68pL._AC_UX695_.jpg
B008VC57OS,https://images-na.ssl-images-amazon.com/images/I/81WZaMdMDHL._AC_UX695_.jpg
B008XERZ6W,https://images-na.ssl-images-amazon.com/images/I/81XDj8n3JHL._AC_UX695_.jpg
B008XZFNZG,https://images-na.ssl-images-amazon.com/images/I/61k5EU248OL._AC_UY695_.jpg
B0090S9IWO,https://images-na.ssl-images-amazon.com/images/I/81eW2BMyo4L._AC_UY695_.jpg
B0090S9NEC,https://images-na.ssl-images-amazon.com/images/I/51%2BvJLk8foL._AC_UY695_.jpg
B0090VDGEM,https://images-na.ssl-images-amazon.com/images/I/61VVgc3wSIL._AC_UX695_.jpg
B00912I8AM,https://images-na.ssl-images-amazon.com/images/I/71cL0h4IIiL._AC_UX695_.jpg
B00913K4QC,https://images-na.ssl-images-amazon.com/images/I/71i0OuOd5TL._AC_UX695_.jpg
B00919GZ3M,https://images-na.ssl-images-amazon.com/images/I/61ce44VZoQL._AC_UY695_.jpg
B0093CJWXW,https://images-na.ssl-images-amazon.com/images/I/31XxoyHh4QL._AC_.jpg
B0093DHVQQ,https://images-na.ssl-images-amazon.com/images/I/71u-ZIQ%2BibL._AC_UY695_.jpg
B0093Q3NJ2,https://images-na.ssl-images-amazon.com/images/I/81pa9o6gZZL._AC_UX695_.jpg
B0097O0E0Q,https://images-na.ssl-images-amazon.com/images/I/71qrItnlXZL._AC_UX695_.jpg
B0098ILPM2,https://images-na.ssl-images-amazon.com/images/I/71vpGM8XikL._AC_UX695_.jpg
B0098U8GN6,https://images-na.ssl-images-amazon.com/images/I/71Av3KBHbWL._AC_UX695_.jpg
B009AFIZXK,https://images-na.ssl-images-amazon.com/images/I/81e%2BdthtiML._AC_UY695_.jpg
B009AMVXMI,https://images-na.ssl-images-amazon.com/images/I/711Mv02mVtL._AC_UX695_.jpg
B009CDRITW,https://images-na.ssl-images-amazon.com/images/I/51XsV5ufNTL._AC_UX695_.jpg
B009CYN890,https://images-na.ssl-images-amazon.com/images/I/71PUIg0xQ-L._AC_UX695_.jpg
B009CYNBRO,https://images-na.ssl-images-amazon.com/images/I/81OzPni4YHL._AC_UX695_.jpg
B009CYNZD4,https://images-na.ssl-images-amazon.com/images/I/71uHq4-VncL._AC_UX695_.jpg
B009D4I2WW,https://images-na.ssl-images-amazon.com/images/I/31wFJ%2B1hgUL._AC_.jpg
B009G3ZV9W,https://images-na.ssl-images-amazon.com/images/I/81kD0atu1RL._AC_UY695_.jpg
B009G9YIW2,https://images-na.ssl-images-amazon.com/images/I/51tG9seXEpL._AC_UY695_.jpg
B009HTPP32,https://images-na.ssl-images-amazon.com/images/I/71g73tzk%2BjL._AC_UX695_.jpg
B009HV2XCG,https://images-na.ssl-images-amazon.com/images/I/612f97lPGEL._AC_UY741_.jpg
B009I1GBCI,https://images-na.ssl-images-amazon.com/images/I/81v9DVsSLGL._AC_UX695_.jpg
B009K25SGK,https://images-na.ssl-images-amazon.com/images/I/91KTUa9MKUL._AC_UY741_.jpg
B009L5U0XC,https://images-na.ssl-images-amazon.com/images/I/81xGWFbHttL._AC_UX695_.jpg
B009NC2CN4,https://images-na.ssl-images-amazon.com/images/I/71R3uYiAVBL._AC_UX695_.jpg
B009NMDPP8,https://images-na.ssl-images-amazon.com/images/I/61k2dD36yiL._AC_UY695_.jpg
B009P23GGE,https://images-na.ssl-images-amazon.com/images/I/81ScAzDaWtL._AC_UX695_.jpg
B009RIZLHS,https://images-na.ssl-images-amazon.com/images/I/71OO9AB3YDL._AC_UX695_.jpg
B009V15KAE,https://images-na.ssl-images-amazon.com/images/I/71AU0iwwD-L._AC_UX695_.jpg
B009VU3UHK,https://images-na.ssl-images-amazon.com/images/I/81WxNJqrdaL._AC_UY695_.jpg
B009WW5YVW,https://images-na.ssl-images-amazon.com/images/I/61ZbIgbE2BL._AC_UY695_.jpg
B009X4YFM8,https://images-na.ssl-images-amazon.com/images/I/41n6S98HBrL._AC_.jpg
B00A1EKEZG,https://images-na.ssl-images-amazon.com/images/I/61NGSoFUebL._AC_UX695_.jpg
B00A9WCJTO,https://images-na.ssl-images-amazon.com/images/I/61TPfyVAioL._AC_UY695_.jpg
B00AATQYWO,https://images-na.ssl-images-amazon.com/images/I/71XjNS3IAwL._AC_SX679_.jpg
B00ACXOBHI,https://images-na.ssl-images-amazon.com/images/I/71RianmNaeL._AC_UX695_.jpg
B00ADSVHA6,https://images-na.ssl-images-amazon.com/images/I/81rf6EoxBYL._AC_UX695_.jpg
B00AEA17G2,https://images-na.ssl-images-amazon.com/images/I/81hLmHqICKL._AC_UY695_.jpg
B00AFCV3KO,https://images-na.ssl-images-amazon.com/images/I/81ghmDCY-PL._AC_UX695_.jpg
B00AGY1NWE,https://images-na.ssl-images-amazon.com/images/I/61JfOuQiBlL._AC_UY695_.jpg
B00AHUBZW0,https://images-na.ssl-images-amazon.com/images/I/61Ca3M6aQVL._AC_UX695_.jpg
B00AJBWZO4,https://images-na.ssl-images-amazon.com/images/I/717sVGpNbqL._AC_UX695_.jpg
B00AJHDJHK,https://images-na.ssl-images-amazon.com/images/I/81AYveE0ODL._AC_UX695_.jpg
B00AK8J24W,https://images-na.ssl-images-amazon.com/images/I/81w-FtUxtaL._AC_UX695_.jpg
B00AK9I206,https://images-na.ssl-images-amazon.com/images/I/71ZHFWXR%2BsL._AC_UX695_.jpg
B00AK9K6KU,https://images-na.ssl-images-amazon.com/images/I/81Qzkf%2Bq4zL._AC_UX695_.jpg
B00ALYQAVS,https://images-na.ssl-images-amazon.com/images/I/81fQDlzWEAL._AC_UX695_.jpg
B00AM1QK74,https://images-na.ssl-images-amazon.com/images/I/719v3rUaB7L._AC_UY695_.jpg
B00AMCQE0Q,https://images-na.ssl-images-amazon.com/images/I/71J-Z7WNEtL._AC_UY695_.jpg
B00AMRR090,https://images-na.ssl-images-amazon.com/images/I/71fnijEztJL._AC_UX695_.jpg
B00AN8P76Q,https://images-na.ssl-images-amazon.com/images/I/81b3kQTyFYL._AC_UY695_.jpg
B00ANKH2EE,https://images-na.ssl-images-amazon.com/images/I/71U42FRrbbL._AC_UY695_.jpg
B00ANKP0A2,https://images-na.ssl-images-amazon.com/images/I/71rbjgCWCgL._AC_UX695_.jpg
B00ANKV704,https://images-na.ssl-images-amazon.com/images/I/71k%2B6h2w2oL._AC_UX695_.jpg
B00ANLXX4Q,https://images-na.ssl-images-amazon.com/images/I/81dUD1f%2B56L._AC_UY695_.jpg
B00AO3474I,https://images-na.ssl-images-amazon.com/images/I/91wSG1bMAIL._AC_UX695_.jpg
B00APOBCIU,https://images-na.ssl-images-amazon.com/images/I/810fmMOqjrL._AC_UX695_.jpg
B00ARBY120,https://images-na.ssl-images-amazon.com/images/I/71k2q058nWL._AC_UX695_.jpg
B00ARD6D9M,https://images-na.ssl-images-amazon.com/images/I/81lecX8qG8L._AC_UY695_.jpg
B00ARR5I6W,https://images-na.ssl-images-amazon.com/images/I/81ypN87a97L._AC_UX695_.jpg
B00AVA7N7M,https://images-na.ssl-images-amazon.com/images/I/41CkwIi6HpL._AC_.jpg
B00AZIE724,https://images-na.ssl-images-amazon.com/images/I/71va2lIxOUL._AC_UX695_.jpg
B00B02U86S,https://images-na.ssl-images-amazon.com/images/I/71Wk8hmW54L._AC_UY695_.jpg
B00B0BOTZA,https://images-na.ssl-images-amazon.com/images/I/71Q2odCx8ML._AC_UX695_.jpg
B00B0BOU22,https://images-na.ssl-images-amazon.com/images/I/71Q2odCx8ML._AC_UX695_.jpg
B00B1YGNH8,https://images-na.ssl-images-amazon.com/images/I/81pIdrGKaHL._AC_UX695_.jpg
B00B22GLVM,https://images-na.ssl-images-amazon.com/images/I/61tx3J-D4sL._AC_UX679_.jpg
B00B233FXI,https://images-na.ssl-images-amazon.com/images/I/81rQIKf%2BBiL._AC_UX695_.jpg
B00B2MYWG8,https://images-na.ssl-images-amazon.com/images/I/81Iyw4OX2zL._AC_UX695_.jpg
B00B4GAVX0,https://images-na.ssl-images-amazon.com/images/I/81cq0HGJrxL._AC_UY695_.jpg
B00B4NJ4O0,https://images-na.ssl-images-amazon.com/images/I/7113Oi4lTpL._AC_UX695_.jpg
B00B55OYVU,https://images-na.ssl-images-amazon.com/images/I/51kzi%2B1Y4LL._AC_UY695_.jpg
B00B5SCMMU,https://images-na.ssl-images-amazon.com/images/I/71xhcK8YqYL._AC_UX695_.jpg
B00B68MJMC,https://images-na.ssl-images-amazon.com/images/I/71WYVTnH3jL._AC_UX695_.jpg
B00B7NVFF8,https://images-na.ssl-images-amazon.com/images/I/815lVIiiICL._AC_UY695_.jpg
B00B7R1RBG,https://images-na.ssl-images-amazon.com/images/I/71-7VvpU4YL._AC_UX679_.jpg
B00B98RQXQ,https://images-na.ssl-images-amazon.com/images/I/71v99piByfL._AC_UX695_.jpg
B00B98RS48,https://images-na.ssl-images-amazon.com/images/I/71v99piByfL._AC_UX695_.jpg
B00B9A0RWG,https://images-na.ssl-images-amazon.com/images/I/71rjmSa4HZL._AC_UX695_.jpg
B00B9PBZ4A,https://images-na.ssl-images-amazon.com/images/I/71fLdOm27UL._AC_UX695_.jpg
B00B9TZTJ8,https://images-na.ssl-images-amazon.com/images/I/71AcuvcXYtL._AC_UX695_.jpg
B00BCRKX9I,https://images-na.ssl-images-amazon.com/images/I/511niRuD7%2BL._AC_UX695_.jpg
B00BCX5TFK,https://images-na.ssl-images-amazon.com/images/I/81cFbA7If%2BL._AC_UX695_.jpg
B00BEYP7LS,https://images-na.ssl-images-amazon.com/images/I/71aJR4poJkL._AC_UY695_.jpg
B00BEYQI5C,https://images-na.ssl-images-amazon.com/images/I/71n%2BEPuLiLL._AC_UX695_.jpg
B00BF89AUM,https://images-na.ssl-images-amazon.com/images/I/81Tmq3rWCCL._AC_UX695_.jpg
B00BFWZHBO,https://images-na.ssl-images-amazon.com/images/I/817EUvtehWL._AC_UX695_.jpg
B00BFXRFPO,https://images-na.ssl-images-amazon.com/images/I/81EPznt4ifL._AC_UX679_.jpg
B00BGBP7W8,https://images-na.ssl-images-amazon.com/images/I/71wTgoGUroL._AC_UY695_.jpg
B00BGK43XI,https://images-na.ssl-images-amazon.com/images/I/51fAOhOo7aL._AC_UX679_.jpg
B00BIP4JUS,https://images-na.ssl-images-amazon.com/images/I/71U62UiRQZL._AC_UY695_.jpg
B00BIPK6GY,https://images-na.ssl-images-amazon.com/images/I/51jOjk7Sq4L._AC_UY695_.jpg
B00BLRL4R4,https://images-na.ssl-images-amazon.com/images/I/71u6WcBZRKL._AC_UY695_.jpg
B00BMIDL28,https://images-na.ssl-images-amazon.com/images/I/71X31EqEz3L._AC_UX695_.jpg
B00BN61E6Y,https://images-na.ssl-images-amazon.com/images/I/81sFS%2BzyLGL._AC_UY695_.jpg
B00BNSHU24,https://images-na.ssl-images-amazon.com/images/I/81wzDzRJwhL._AC_UX695_.jpg
B00BPJJ1Q4,https://images-na.ssl-images-amazon.com/images/I/91gsA2O5KUL._AC_UX679_.jpg
B00BSCJ4YC,https://images-na.ssl-images-amazon.com/images/I/91yrxJMqSeL._AC_UY695_.jpg
B00BSPGHGC,https://images-na.ssl-images-amazon.com/images/I/71q6M3rF2UL._AC_UX695_.jpg
B00BTPUVY0,https://images-na.ssl-images-amazon.com/images/I/81hMQE9s75L._AC_UY695_.jpg
B00BUZ40Y6,https://images-na.ssl-images-amazon.com/images/I/61VnaDeKN%2BL._AC_UX695_.jpg
B00BV0B10G,https://images-na.ssl-images-amazon.com/images/I/71JXUFd6XXL._AC_UY695_.jpg
B00BX9WKE6,https://images-na.ssl-images-amazon.com/images/I/71N7dCB1IJL._AC_UY695_.jpg
B00BY7RQ3M,https://images-na.ssl-images-amazon.com/images/I/81ALpYLXsgL._AC_UX695_.jpg
B00C0VSRZW,https://images-na.ssl-images-amazon.com/images/I/61o8FU5Wn0L._AC_UY695_.jpg
B00C2RBC06,https://images-na.ssl-images-amazon.com/images/I/71L2m%2BKim-L._AC_UX695_.jpg
B00C40T9QA,https://images-na.ssl-images-amazon.com/images/I/71xFwwl8jdL._AC_UX695_.jpg
B00C66CV4E,https://images-na.ssl-images-amazon.com/images/I/81j8haRniVL._AC_UX695_.jpg
B00C6AFN8Q,https://images-na.ssl-images-amazon.com/images/I/818om1xRb2L._AC_UX695_.jpg
B00C6AJ6IO,https://images-na.ssl-images-amazon.com/images/I/816YjN2utsL._AC_UX695_.jpg
B00C6BQW30,https://images-na.ssl-images-amazon.com/images/I/81-BO4QmokL._AC_UX695_.jpg
B00CABLSMQ,https://images-na.ssl-images-amazon.com/images/I/01RmK%2BJ4pJL._AC_.gif
B00CAMDG2A,https://images-na.ssl-images-amazon.com/images/I/710eOus3%2BdL._AC_UX695_.jpg
B00CH9RODI,https://images-na.ssl-images-amazon.com/images/I/71NqK1%2Bn5rL._AC_UX695_.jpg
B00CL5492M,https://images-na.ssl-images-amazon.com/images/I/61h6XJUN3bL._AC_UX695_.jpg
B00CLL27DE,https://images-na.ssl-images-amazon.com/images/I/71hJdBSrMVL._AC_UY695_.jpg
B00CPM1NXY,https://images-na.ssl-images-amazon.com/images/I/61mZ9uISP5L._AC_UX695_.jpg
B00CV02G54,https://images-na.ssl-images-amazon.com/images/I/81w0Y4H2ayL._AC_UX695_.jpg
B00CYOLZCC,https://images-na.ssl-images-amazon.com/images/I/614%2BcvLt58L._AC_UY695_.jpg
B00CYQ7CVS,https://images-na.ssl-images-amazon.com/images/I/41nGFoUAwuL._AC_.jpg
B00D1R1JEA,https://images-na.ssl-images-amazon.com/images/I/81JeA4w%2BvyL._AC_UX695_.jpg
B00D40A3TG,https://images-na.ssl-images-amazon.com/images/I/81rlMDGTIVL._AC_UY695_.jpg
B00D4D2BRU,https://images-na.ssl-images-amazon.com/images/I/71EUzZuye7L._AC_UX695_.jpg
B00D4JM78C,https://images-na.ssl-images-amazon.com/images/I/816YjoWoRSL._AC_UX695_.jpg
B00D5QJN72,https://images-na.ssl-images-amazon.com/images/I/71YBJg8A5cL._AC_UY695_.jpg
B00D6AJRJQ,https://images-na.ssl-images-amazon.com/images/I/81twi8EmJLL._AC_UX679_.jpg
B00D875HZK,https://images-na.ssl-images-amazon.com/images/I/81zeVHd3XIL._AC_UX695_.jpg
B00D881ERE,https://images-na.ssl-images-amazon.com/images/I/71%2BBksVBGTL._AC_UX695_.jpg
B00DAJ6LUG,https://images-na.ssl-images-amazon.com/images/I/81f0lgOeG5L._AC_UY695_.jpg
B00DC5W0Z8,https://images-na.ssl-images-amazon.com/images/I/716-mUyqq9L._AC_UX695_.jpg
B00DDXYZ0M,https://images-na.ssl-images-amazon.com/images/I/91VkZSy1h9L._AC_UX695_.jpg
B00DEPLFM0,https://images-na.ssl-images-amazon.com/images/I/71sA9Ci39CL._AC_UX695_.jpg
B00DG8JW20,https://images-na.ssl-images-amazon.com/images/I/81wkzTlwreL._AC_UX695_.jpg
B00DNO3ZUW,https://images-na.ssl-images-amazon.com/images/I/71JZLVpEMAL._AC_UX695_.jpg
B00DQYNSSI,https://images-na.ssl-images-amazon.com/images/I/81TDPPBxZjL._AC_UX695_.jpg
B00DTX2YD6,https://images-na.ssl-images-amazon.com/images/I/31ZQgkR2ynL._AC_.jpg
B00DY410Y4,https://images-na.ssl-images-amazon.com/images/I/81yZErXX6qL._AC_UX695_.jpg
B00DY7OURU,https://images-na.ssl-images-amazon.com/images/I/81UJn-xW2IL._AC_UX695_.jpg
B00DY8URSU,https://images-na.ssl-images-amazon.com/images/I/81SWxI1Re1L._AC_UX695_.jpg
B00DYRXKOO,https://images-na.ssl-images-amazon.com/images/I/71WLbWcM3DL._AC_UY695_.jpg
B00DZKYBR0,https://images-na.ssl-images-amazon.com/images/I/91OyVcbwxML._AC_UY741_.jpg
B00E0G6GMG,https://images-na.ssl-images-amazon.com/images/I/71cJwwpqbSL._AC_UX695_.jpg
B00E0JG2WC,https://images-na.ssl-images-amazon.com/images/I/81Ak5Ft9IDL._AC_UX695_.jpg
B00E41TLTW,https://images-na.ssl-images-amazon.com/images/I/71UG5lVJ6CL._AC_UX695_.jpg
B00E4COWMC,https://images-na.ssl-images-amazon.com/images/I/81Ud0f7MKCL._AC_UX695_.jpg
B00E5OP8QS,https://images-na.ssl-images-amazon.com/images/I/61eFiKSl56L._AC_UX695_.jpg
B00E5UHMSY,https://images-na.ssl-images-amazon.com/images/I/71k1uRZJIyL._AC_UY695_.jpg
B00E77Z4QW,https://images-na.ssl-images-amazon.com/images/I/51OdoQVWNEL._AC_UY695_.jpg
B00E7TSSDG,https://images-na.ssl-images-amazon.com/images/I/81Te1PAQ7OL._AC_UX695_.jpg
B00E7WXIKQ,https://images-na.ssl-images-amazon.com/images/I/51g-r5VkKhL._AC_UX695_.jpg
B00E9C2RPG,https://images-na.ssl-images-amazon.com/images/I/61SLXoC7MlL._AC_UX695_.jpg
B00E9ND7EU,https://images-na.ssl-images-amazon.com/images/I/91CkWuo-c4L._AC_UX569_.jpg
B00ED7NMDS,https://images-na.ssl-images-amazon.com/images/I/81QjkNrrZDL._AC_UX695_.jpg
B00ED7QBB8,https://images-na.ssl-images-amazon.com/images/I/71p5dLmx3qL._AC_UX695_.jpg
B00EJAC3P2,https://images-na.ssl-images-amazon.com/images/I/811tMNiEwsL._AC_UY741_.jpg
B00EM8E90S,https://images-na.ssl-images-amazon.com/images/I/71xwn%2BJDj0L._AC_UX695_.jpg
B00ET002QY,https://images-na.ssl-images-amazon.com/images/I/61-GkeusU4L._AC_UY695_.jpg
B00EWKQFI0,https://images-na.ssl-images-amazon.com/images/I/81hC%2B1kRh%2BL._AC_UX695_.jpg
B00F0CSU6Y,https://images-na.ssl-images-amazon.com/images/I/819FymJvi9L._AC_UX695_.jpg
B00F36YB8I,https://images-na.ssl-images-amazon.com/images/I/91RWj9lD8yL._AC_UX695_.jpg
B00F401LQI,https://images-na.ssl-images-amazon.com/images/I/81YcCEVOUJL._AC_UX695_.jpg
B00FF6QEDQ,https://images-na.ssl-images-amazon.com/images/I/71IZqLoXMVL._AC_UX695_.jpg
B00FL2JXSW,https://images-na.ssl-images-amazon.com/images/I/81Cy%2By4KLoL._AC_UY695_.jpg
B00FLCOYXG,https://images-na.ssl-images-amazon.com/images/I/81%2BMqKNE7WL._AC_UX569_.jpg
B00FLO7PVM,https://images-na.ssl-images-amazon.com/images/I/61rE%2BHSBNGL._AC_UY695_.jpg
B00FN4F0NK,https://images-na.ssl-images-amazon.com/images/I/41jYffowm1L._AC_.jpg
B00FPO8DWS,https://images-na.ssl-images-amazon.com/images/I/6104LGSc3TL._AC_UX695_.jpg
B00FPW9BFI,https://images-na.ssl-images-amazon.com/images/I/71ZnS0aa%2BKL._AC_UX695_.jpg
B00FQT4S62,https://images-na.ssl-images-amazon.com/images/I/81xdNE5HnUL._AC_UY695_.jpg
B00FQV6CMS,https://images-na.ssl-images-amazon.com/images/I/A1tj3ffdeSL._AC_UX679_.jpg
B00FS3BY7M,https://images-na.ssl-images-amazon.com/images/I/617KmzAEjML._AC_UX679_.jpg
B00G1C9J2G,https://images-na.ssl-images-amazon.com/images/I/61Znb6lJHGL._AC_UY695_.jpg
B00G9TVKVY,https://images-na.ssl-images-amazon.com/images/I/71nn%2B5oZcyL._AC_UX695_.jpg
B00GIGM9XG,https://images-na.ssl-images-amazon.com/images/I/61bDNL593hL._AC_UY695_.jpg
B00GM3A270,https://images-na.ssl-images-amazon.com/images/I/71TD9rd7e-L._AC_UY695_.jpg
B00GNI3F64,https://images-na.ssl-images-amazon.com/images/I/61XJ6yrZ3%2BL._AC_UY695_.jpg
B00GUFKI4M,https://images-na.ssl-images-amazon.com/images/I/9176BN0Rp-L._AC_UX695_.jpg
B00GUJUT38,https://images-na.ssl-images-amazon.com/images/I/81adTE1iOiL._AC_UY695_.jpg
B00GW8G32I,https://images-na.ssl-images-amazon.com/images/I/91Yyarv2XCL._AC_UX695_.jpg
B00GX6CDGY,https://images-na.ssl-images-amazon.com/images/I/8144US2hwqL._AC_UX695_.jpg
B00GX7OJOC,https://images-na.ssl-images-amazon.com/images/I/81%2BWuWbP-OL._AC_UX695_.jpg
B00H40X2T0,https://images-na.ssl-images-amazon.com/images/I/91FZdfZXUyL._AC_UX695_.jpg
B00H7KNTCC,https://images-na.ssl-images-amazon.com/images/I/71eDBcNETyL._AC_UX695_.jpg
B00H7KWXCO,https://images-na.ssl-images-amazon.com/images/I/81%2BX9u6sUmL._AC_UX695_.jpg
B00HDYSO86,https://images-na.ssl-images-amazon.com/images/I/917OV7cRCiL._AC_UX695_.jpg
B00HG0C1VS,https://images-na.ssl-images-amazon.com/images/I/91rHBDuPTVL._AC_UY695_.jpg
B00HI7V35E,https://images-na.ssl-images-amazon.com/images/I/51cY8s7j7TL._AC_UX679_.jpg
B00HIBCMSW,https://images-na.ssl-images-amazon.com/images/I/61cYH0IcaYL._AC_UX695_.jpg
B00HN0YEAW,https://images-na.ssl-images-amazon.com/images/I/51GgApT3uCL._AC_.jpg
B00HN2EEIC,https://images-na.ssl-images-amazon.com/images/I/819xbOJ%2B2QL._AC_UX695_.jpg
B00HQRKPG4,https://images-na.ssl-images-amazon.com/images/I/81P7ztq5tpL._AC_UX695_.jpg
B00HZ16I8A,https://images-na.ssl-images-amazon.com/images/I/91zYIftHm6L._AC_UX695_.jpg
B00HZFNTXI,https://images-na.ssl-images-amazon.com/images/I/81JDSCaeRZL._AC_UX695_.jpg
B00HZSM6M0,https://images-na.ssl-images-amazon.com/images/I/61x27BzNLrL._AC_UY695_.jpg
B00I39YLQO,https://images-na.ssl-images-amazon.com/images/I/91A49QwlhqL._AC_UX695_.jpg
B00I5ILS2S,https://images-na.ssl-images-amazon.com/images/I/81F2bN5fYpL._AC_UX695_.jpg
B00I6AEEFI,https://images-na.ssl-images-amazon.com/images/I/81RqlVMx2vL._AC_UX695_.jpg
B00I8E7OBS,https://images-na.ssl-images-amazon.com/images/I/71Muv%2B6UquL._AC_UX695_.jpg
B00IA41NWM,https://images-na.ssl-images-amazon.com/images/I/81fIHzWbHVL._AC_UX695_.jpg
B00IIP65KI,https://images-na.ssl-images-amazon.com/images/I/61nlS1KPLlL._AC_UY695_.jpg
B00IMNXDRY,https://images-na.ssl-images-amazon.com/images/I/81sLt8FjmFL._AC_UX695_.jpg
B00INCNOH8,https://images-na.ssl-images-amazon.com/images/I/81IEQoFZcUL._AC_UY695_.jpg
B00ING4N2Y,https://images-na.ssl-images-amazon.com/images/I/81stPbiBltL._AC_UY695_.jpg
B00IOMKQ8C,https://images-na.ssl-images-amazon.com/images/I/81uX%2B9jLkZL._AC_UX695_.jpg
B00ISI5CEK,https://images-na.ssl-images-amazon.com/images/I/710tKTnxaPL._AC_UX695_.jpg
B00IUGPRW2,https://images-na.ssl-images-amazon.com/images/I/71P3jgUbxdL._AC_UY695_.jpg
B00IXAMLQU,https://images-na.ssl-images-amazon.com/images/I/81GyExLV2GL._AC_UY695_.jpg
B00IY711HM,https://images-na.ssl-images-amazon.com/images/I/81HHKmcnMhL._AC_UX695_.jpg
B00IY8S958,https://images-na.ssl-images-amazon.com/images/I/81BsV9sB8iL._AC_UX695_.jpg
B00J0TUY9Y,https://images-na.ssl-images-amazon.com/images/I/91GWH665MyL._AC_UX695_.jpg
B00J5ADQJ8,https://images-na.ssl-images-amazon.com/images/I/612ebJULypL._AC_UX695_.jpg
B00J9NZYL4,https://images-na.ssl-images-amazon.com/images/I/81753ZSAvzL._AC_UY695_.jpg
B00JBG1WRE,https://images-na.ssl-images-amazon.com/images/I/51QLm1oapwL._AC_UY695_.jpg
B00JKN4OH8,https://images-na.ssl-images-amazon.com/images/I/71p4fF7mHrL._AC_UY695_.jpg
B00JTCW89Q,https://images-na.ssl-images-amazon.com/images/I/81nLiWZX2ZL._AC_UY695_.jpg
B00JX22UD6,https://images-na.ssl-images-amazon.com/images/I/91Prnghci%2BL._AC_UX695_.jpg
B00K0NJP80,https://images-na.ssl-images-amazon.com/images/I/81m9NRDAGoL._AC_UX679_.jpg
B00K71QXMQ,https://images-na.ssl-images-amazon.com/images/I/91ldNpB3nPL._AC_UY695_.jpg
B00KC4G9PY,https://images-na.ssl-images-amazon.com/images/I/71ghypeXwBL._AC_UY695_.jpg
B00KIGDPRQ,https://images-na.ssl-images-amazon.com/images/I/813dTrg2RwL._AC_UX695_.jpg
B00KIMO98O,https://images-na.ssl-images-amazon.com/images/I/81ej6dYL-uL._AC_UY695_.jpg
B00KO2TXOS,https://images-na.ssl-images-amazon.com/images/I/51UpT4Ma6tL._AC_.jpg
B00KPU4RRC,https://images-na.ssl-images-amazon.com/images/I/815V-Xlyt3L._AC_UX695_.jpg
B00KR4ONLG,https://images-na.ssl-images-amazon.com/images/I/71u-o75Q%2BeL._AC_UX695_.jpg
B00KR6G7G8,https://images-na.ssl-images-amazon.com/images/I/81ACAl-c%2BeL._AC_UY695_.jpg
B00KT0PT8O,https://images-na.ssl-images-amazon.com/images/I/81gxsMJUoXL._AC_UY695_.jpg
B00KUR9X0G,https://images-na.ssl-images-amazon.com/images/I/71t4aYxBl8L._AC_SX679_.jpg
B00KWK3UD2,https://images-na.ssl-images-amazon.com/images/I/71YFeldIZkL._AC_UX695_.jpg
B00KWKLRXC,https://images-na.ssl-images-amazon.com/images/I/71CmMWKWAuL._AC_UX695_.jpg
B00KY73Q2I,https://images-na.ssl-images-amazon.com/images/I/51V84ZLm11L._AC_UX695_.jpg
B00KYZ3WM4,https://images-na.ssl-images-amazon.com/images/I/81A4XYfdKEL._AC_UX695_.jpg
B00L29ETDW,https://images-na.ssl-images-amazon.com/images/I/A1xtecah4wL._AC_UX679_.jpg
B00L4LBMVU,https://images-na.ssl-images-amazon.com/images/I/91-R0JYQfeL._AC_UY695_.jpg
B00LB33KVG,https://images-na.ssl-images-amazon.com/images/I/8122U1T%2B2yL._AC_UY695_.jpg
B00LBEF6ZI,https://images-na.ssl-images-amazon.com/images/I/81TnzHdaX3L._AC_UX695_.jpg
B00LEEI814,https://images-na.ssl-images-amazon.com/images/I/71bzSAta12L._AC_UY695_.jpg
B00LOSYWOM,https://images-na.ssl-images-amazon.com/images/I/71MzKdVpCpL._AC_UX679_.jpg
B00LVQR460,https://images-na.ssl-images-amazon.com/images/I/81bEn3vQj0L._AC_UX695_.jpg
B00LXLT6VE,https://images-na.ssl-images-amazon.com/images/I/81Y7pu7S5iL._AC_UX695_.jpg
B00M03TI3U,https://images-na.ssl-images-amazon.com/images/I/71XYn3iPegL._AC_UX695_.jpg
B00M9EJIM6,https://images-na.ssl-images-amazon.com/images/I/71aYF361bcL._AC_UX695_.jpg
B00MF0CL9Q,https://images-na.ssl-images-amazon.com/images/I/513NvdrnkML._AC_UY695_.jpg
B00MGRDT0I,https://images-na.ssl-images-amazon.com/images/I/81q5tvx5ZrL._AC_UY695_.jpg
B00MGU4ABM,https://images-na.ssl-images-amazon.com/images/I/616EA2G7XEL._AC_UY695_.jpg
B00MH2E2X0,https://images-na.ssl-images-amazon.com/images/I/7172QzyrwbL._AC_UY695_.jpg
B00MSQQV9I,https://images-na.ssl-images-amazon.com/images/I/51B63eLQZyL._AC_UX679_.jpg
B00MZ2GLFO,https://images-na.ssl-images-amazon.com/images/I/91lfcovIOtL._AC_UY741_.jpg
B00N8OGBNU,https://images-na.ssl-images-amazon.com/images/I/A1-lPX8OJdL._AC_UX695_.jpg
B00NF729KE,https://images-na.ssl-images-amazon.com/images/I/61nulMsiDkL._AC_UY695_.jpg
B00NFS8BHS,https://images-na.ssl-images-amazon.com/images/I/71NyK55R2EL._AC_UX695_.jpg
B00NGXTZAO,https://images-na.ssl-images-amazon.com/images/I/71XjtnAJvFL._AC_UX695_.jpg
B00NI6QMZK,https://images-na.ssl-images-amazon.com/images/I/71dfpOwgkIL._AC_UY695_.jpg
B00NO4G8PK,https://images-na.ssl-images-amazon.com/images/I/71a3Py69juL._AC_UX695_.jpg
B00NQSRPHY,https://images-na.ssl-images-amazon.com/images/I/61pw5LhBvhL._AC_SX679_.jpg
B00NSHC3CA,https://images-na.ssl-images-amazon.com/images/I/51xqBoYOAgL._AC_UX679_.jpg
B00NTJ8Q14,https://images-na.ssl-images-amazon.com/images/I/71DayFK%2BnTL._AC_UX695_.jpg
B00NXG8U6E,https://images-na.ssl-images-amazon.com/images/I/81hsN5%2BZweL._AC_UY695_.jpg
B00NXL6DK4,https://images-na.ssl-images-amazon.com/images/I/81WJVq4NUtL._AC_UY695_.jpg
B00O2QBWHS,https://images-na.ssl-images-amazon.com/images/I/71Nc02tcSxL._AC_UX679_.jpg
B00OB4XQ0C,https://images-na.ssl-images-amazon.com/images/I/710FFYLgzjL._AC_UX695_.jpg
B00OC7I4L4,https://images-na.ssl-images-amazon.com/images/I/61rftKdDioL._AC_UY695_.jpg
B00OHNIKPS,https://images-na.ssl-images-amazon.com/images/I/61%2BlyK--M3L._AC_UY695_.jpg
B00OTT6V4W,https://images-na.ssl-images-amazon.com/images/I/91ZqMSBVYNL._AC_UX695_.jpg
B00PDY04TK,https://images-na.ssl-images-amazon.com/images/I/51r-mutVjeL._AC_UX679_.jpg
B00PROVKS0,https://images-na.ssl-images-amazon.com/images/I/91jC4rPmZML._AC_UY695_.jpg
B00PT13IJU,https://images-na.ssl-images-amazon.com/images/I/81Qd84b7ypL._AC_UY695_.jpg
B00RL5B26I,https://images-na.ssl-images-amazon.com/images/I/61fKCAvTrvL._AC_UY695_.jpg
B00SGZW6ZI,https://images-na.ssl-images-amazon.com/images/I/611HxO1f3jL._AC_UY695_.jpg
B00SHUTLXM,https://images-na.ssl-images-amazon.com/images/I/71Lua2mI6ML._AC_UX695_.jpg
B00TKMKZF4,https://images-na.ssl-images-amazon.com/images/I/91TUI9DHG4L._AC_UY695_.jpg
B00UAYB7OE,https://images-na.ssl-images-amazon.com/images/I/71ZIf9YWLGL._AC_UX695_.jpg
B00ULR5GD8,https://images-na.ssl-images-amazon.com/images/I/61SZSI8LIOL._AC_UX695_.jpg
B00VB65YWQ,https://images-na.ssl-images-amazon.com/images/I/51H4TFvXuwL._AC_UX679_.jpg
B00WY9K7LC,https://images-na.ssl-images-amazon.com/images/I/51xHz0EH3LL._AC_UX695_.jpg
B00X2PTLNW,https://images-na.ssl-images-amazon.com/images/I/81XEGSTt1hL._AC_UY695_.jpg
B00XB2Y4BA,https://images-na.ssl-images-amazon.com/images/I/61Cz8k8Yr0L._AC_UY695_.jpg
